Command line invocation:
    /Applications/Xcode.app/Contents/Developer/usr/bin/xcodebuild test -workspace ios/Runner.xcworkspace -scheme Runner -destination "platform=iOS Simulator,id=894F1685-0AC2-44A3-9BAA-BC0D1EA5E7F1" "-only-testing:RunnerTests"

ComputePackagePrebuildTargetDependencyGraph

Prepare packages

CreateBuildRequest

SendProjectDescription

CreateBuildOperation

ComputeTargetDependencyGraph
note: Building targets in dependency order
note: Target dependency graph (33 targets)
    Target 'RunnerTests' in project 'Runner'
        ➜ Explicit dependency on target 'Runner' in project 'Runner'
        ➜ Implicit dependency on target 'Pods-RunnerTests' in project 'Pods' via file 'Pods_RunnerTests.framework' in build phase 'Link Binary'
        ➜ Implicit dependency on target 'FMDB' in project 'Pods' via options '-framework FMDB' in build setting 'OTHER_LDFLAGS'
        ➜ Implicit dependency on target 'SQLCipher' in project 'Pods' via options '-framework SQLCipher' in build setting 'OTHER_LDFLAGS'
        ➜ Implicit dependency on target 'audioplayers_darwin' in project 'Pods' via options '-framework audioplayers_darwin' in build setting 'OTHER_LDFLAGS'
        ➜ Implicit dependency on target 'connectivity_plus' in project 'Pods' via options '-framework connectivity_plus' in build setting 'OTHER_LDFLAGS'
        ➜ Implicit dependency on target 'file_selector_ios' in project 'Pods' via options '-framework file_selector_ios' in build setting 'OTHER_LDFLAGS'
        ➜ Implicit dependency on target 'flutter_compass' in project 'Pods' via options '-framework flutter_compass' in build setting 'OTHER_LDFLAGS'
        ➜ Implicit dependency on target 'flutter_secure_storage_darwin' in project 'Pods' via options '-framework flutter_secure_storage_darwin' in build setting 'OTHER_LDFLAGS'
        ➜ Implicit dependency on target 'geolocator_apple' in project 'Pods' via options '-framework geolocator_apple' in build setting 'OTHER_LDFLAGS'
        ➜ Implicit dependency on target 'mobile_scanner' in project 'Pods' via options '-framework mobile_scanner' in build setting 'OTHER_LDFLAGS'
        ➜ Implicit dependency on target 'package_info_plus' in project 'Pods' via options '-framework package_info_plus' in build setting 'OTHER_LDFLAGS'
        ➜ Implicit dependency on target 'record_ios' in project 'Pods' via options '-framework record_ios' in build setting 'OTHER_LDFLAGS'
        ➜ Implicit dependency on target 'share_plus' in project 'Pods' via options '-framework share_plus' in build setting 'OTHER_LDFLAGS'
        ➜ Implicit dependency on target 'shared_preferences_foundation' in project 'Pods' via options '-framework shared_preferences_foundation' in build setting 'OTHER_LDFLAGS'
        ➜ Implicit dependency on target 'sqflite_sqlcipher' in project 'Pods' via options '-framework sqflite_sqlcipher' in build setting 'OTHER_LDFLAGS'
        ➜ Implicit dependency on target 'url_launcher_ios' in project 'Pods' via options '-framework url_launcher_ios' in build setting 'OTHER_LDFLAGS'
    Target 'Pods-RunnerTests' in project 'Pods'
        ➜ Explicit dependency on target 'Pods-Runner' in project 'Pods'
        ➜ Implicit dependency on target 'FMDB' in project 'Pods' via options '-framework FMDB' in build setting 'OTHER_LDFLAGS'
        ➜ Implicit dependency on target 'SQLCipher' in project 'Pods' via options '-framework SQLCipher' in build setting 'OTHER_LDFLAGS'
        ➜ Implicit dependency on target 'audioplayers_darwin' in project 'Pods' via options '-framework audioplayers_darwin' in build setting 'OTHER_LDFLAGS'
        ➜ Implicit dependency on target 'connectivity_plus' in project 'Pods' via options '-framework connectivity_plus' in build setting 'OTHER_LDFLAGS'
        ➜ Implicit dependency on target 'file_selector_ios' in project 'Pods' via options '-framework file_selector_ios' in build setting 'OTHER_LDFLAGS'
        ➜ Implicit dependency on target 'flutter_compass' in project 'Pods' via options '-framework flutter_compass' in build setting 'OTHER_LDFLAGS'
        ➜ Implicit dependency on target 'flutter_secure_storage_darwin' in project 'Pods' via options '-framework flutter_secure_storage_darwin' in build setting 'OTHER_LDFLAGS'
        ➜ Implicit dependency on target 'geolocator_apple' in project 'Pods' via options '-framework geolocator_apple' in build setting 'OTHER_LDFLAGS'
        ➜ Implicit dependency on target 'mobile_scanner' in project 'Pods' via options '-framework mobile_scanner' in build setting 'OTHER_LDFLAGS'
        ➜ Implicit dependency on target 'package_info_plus' in project 'Pods' via options '-framework package_info_plus' in build setting 'OTHER_LDFLAGS'
        ➜ Implicit dependency on target 'record_ios' in project 'Pods' via options '-framework record_ios' in build setting 'OTHER_LDFLAGS'
        ➜ Implicit dependency on target 'share_plus' in project 'Pods' via options '-framework share_plus' in build setting 'OTHER_LDFLAGS'
        ➜ Implicit dependency on target 'shared_preferences_foundation' in project 'Pods' via options '-framework shared_preferences_foundation' in build setting 'OTHER_LDFLAGS'
        ➜ Implicit dependency on target 'sqflite_sqlcipher' in project 'Pods' via options '-framework sqflite_sqlcipher' in build setting 'OTHER_LDFLAGS'
        ➜ Implicit dependency on target 'url_launcher_ios' in project 'Pods' via options '-framework url_launcher_ios' in build setting 'OTHER_LDFLAGS'
    Target 'Runner' in project 'Runner'
        ➜ Implicit dependency on target 'Pods-Runner' in project 'Pods' via file 'Pods_Runner.framework' in build phase 'Link Binary'
        ➜ Implicit dependency on target 'FMDB' in project 'Pods' via options '-framework FMDB' in build setting 'OTHER_LDFLAGS'
        ➜ Implicit dependency on target 'SQLCipher' in project 'Pods' via options '-framework SQLCipher' in build setting 'OTHER_LDFLAGS'
        ➜ Implicit dependency on target 'audioplayers_darwin' in project 'Pods' via options '-framework audioplayers_darwin' in build setting 'OTHER_LDFLAGS'
        ➜ Implicit dependency on target 'connectivity_plus' in project 'Pods' via options '-framework connectivity_plus' in build setting 'OTHER_LDFLAGS'
        ➜ Implicit dependency on target 'file_selector_ios' in project 'Pods' via options '-framework file_selector_ios' in build setting 'OTHER_LDFLAGS'
        ➜ Implicit dependency on target 'flutter_compass' in project 'Pods' via options '-framework flutter_compass' in build setting 'OTHER_LDFLAGS'
        ➜ Implicit dependency on target 'flutter_secure_storage_darwin' in project 'Pods' via options '-framework flutter_secure_storage_darwin' in build setting 'OTHER_LDFLAGS'
        ➜ Implicit dependency on target 'geolocator_apple' in project 'Pods' via options '-framework geolocator_apple' in build setting 'OTHER_LDFLAGS'
        ➜ Implicit dependency on target 'mobile_scanner' in project 'Pods' via options '-framework mobile_scanner' in build setting 'OTHER_LDFLAGS'
        ➜ Implicit dependency on target 'package_info_plus' in project 'Pods' via options '-framework package_info_plus' in build setting 'OTHER_LDFLAGS'
        ➜ Implicit dependency on target 'record_ios' in project 'Pods' via options '-framework record_ios' in build setting 'OTHER_LDFLAGS'
        ➜ Implicit dependency on target 'share_plus' in project 'Pods' via options '-framework share_plus' in build setting 'OTHER_LDFLAGS'
        ➜ Implicit dependency on target 'shared_preferences_foundation' in project 'Pods' via options '-framework shared_preferences_foundation' in build setting 'OTHER_LDFLAGS'
        ➜ Implicit dependency on target 'sqflite_sqlcipher' in project 'Pods' via options '-framework sqflite_sqlcipher' in build setting 'OTHER_LDFLAGS'
        ➜ Implicit dependency on target 'url_launcher_ios' in project 'Pods' via options '-framework url_launcher_ios' in build setting 'OTHER_LDFLAGS'
    Target 'Pods-Runner' in project 'Pods'
        ➜ Explicit dependency on target 'FMDB' in project 'Pods'
        ➜ Explicit dependency on target 'Flutter' in project 'Pods'
        ➜ Explicit dependency on target 'SQLCipher' in project 'Pods'
        ➜ Explicit dependency on target 'audioplayers_darwin' in project 'Pods'
        ➜ Explicit dependency on target 'connectivity_plus' in project 'Pods'
        ➜ Explicit dependency on target 'file_selector_ios' in project 'Pods'
        ➜ Explicit dependency on target 'flutter_compass' in project 'Pods'
        ➜ Explicit dependency on target 'flutter_secure_storage_darwin' in project 'Pods'
        ➜ Explicit dependency on target 'geolocator_apple' in project 'Pods'
        ➜ Explicit dependency on target 'mobile_scanner' in project 'Pods'
        ➜ Explicit dependency on target 'package_info_plus' in project 'Pods'
        ➜ Explicit dependency on target 'record_ios' in project 'Pods'
        ➜ Explicit dependency on target 'share_plus' in project 'Pods'
        ➜ Explicit dependency on target 'shared_preferences_foundation' in project 'Pods'
        ➜ Explicit dependency on target 'sqflite_sqlcipher' in project 'Pods'
        ➜ Explicit dependency on target 'url_launcher_ios' in project 'Pods'
    Target 'url_launcher_ios' in project 'Pods'
        ➜ Explicit dependency on target 'Flutter' in project 'Pods'
        ➜ Explicit dependency on target 'url_launcher_ios-url_launcher_ios_privacy' in project 'Pods'
    Target 'url_launcher_ios-url_launcher_ios_privacy' in project 'Pods' (no dependencies)
    Target 'sqflite_sqlcipher' in project 'Pods'
        ➜ Explicit dependency on target 'FMDB' in project 'Pods'
        ➜ Explicit dependency on target 'Flutter' in project 'Pods'
        ➜ Explicit dependency on target 'SQLCipher' in project 'Pods'
        ➜ Explicit dependency on target 'sqflite_sqlcipher-sqflite_sqlcipher_ios_privacy' in project 'Pods'
    Target 'sqflite_sqlcipher-sqflite_sqlcipher_ios_privacy' in project 'Pods'
        ➜ Implicit dependency on target 'FMDB' in project 'Pods' via options '-framework FMDB' in build setting 'OTHER_LDFLAGS'
        ➜ Implicit dependency on target 'SQLCipher' in project 'Pods' via options '-framework SQLCipher' in build setting 'OTHER_LDFLAGS'
    Target 'shared_preferences_foundation' in project 'Pods'
        ➜ Explicit dependency on target 'Flutter' in project 'Pods'
        ➜ Explicit dependency on target 'shared_preferences_foundation-shared_preferences_foundation_privacy' in project 'Pods'
    Target 'shared_preferences_foundation-shared_preferences_foundation_privacy' in project 'Pods' (no dependencies)
    Target 'share_plus' in project 'Pods'
        ➜ Explicit dependency on target 'Flutter' in project 'Pods'
        ➜ Explicit dependency on target 'share_plus-share_plus_privacy' in project 'Pods'
    Target 'share_plus-share_plus_privacy' in project 'Pods' (no dependencies)
    Target 'record_ios' in project 'Pods'
        ➜ Explicit dependency on target 'Flutter' in project 'Pods'
        ➜ Explicit dependency on target 'record_ios-record_ios_privacy' in project 'Pods'
    Target 'record_ios-record_ios_privacy' in project 'Pods' (no dependencies)
    Target 'package_info_plus' in project 'Pods'
        ➜ Explicit dependency on target 'Flutter' in project 'Pods'
        ➜ Explicit dependency on target 'package_info_plus-package_info_plus_privacy' in project 'Pods'
    Target 'package_info_plus-package_info_plus_privacy' in project 'Pods' (no dependencies)
    Target 'mobile_scanner' in project 'Pods'
        ➜ Explicit dependency on target 'Flutter' in project 'Pods'
        ➜ Explicit dependency on target 'mobile_scanner-mobile_scanner_privacy' in project 'Pods'
    Target 'mobile_scanner-mobile_scanner_privacy' in project 'Pods' (no dependencies)
    Target 'geolocator_apple' in project 'Pods'
        ➜ Explicit dependency on target 'Flutter' in project 'Pods'
        ➜ Explicit dependency on target 'geolocator_apple-geolocator_apple_privacy' in project 'Pods'
    Target 'geolocator_apple-geolocator_apple_privacy' in project 'Pods' (no dependencies)
    Target 'flutter_secure_storage_darwin' in project 'Pods'
        ➜ Explicit dependency on target 'Flutter' in project 'Pods'
        ➜ Explicit dependency on target 'flutter_secure_storage_darwin-flutter_secure_storage' in project 'Pods'
    Target 'flutter_secure_storage_darwin-flutter_secure_storage' in project 'Pods' (no dependencies)
    Target 'flutter_compass' in project 'Pods'
        ➜ Explicit dependency on target 'Flutter' in project 'Pods'
    Target 'file_selector_ios' in project 'Pods'
        ➜ Explicit dependency on target 'Flutter' in project 'Pods'
        ➜ Explicit dependency on target 'file_selector_ios-file_selector_ios_privacy' in project 'Pods'
    Target 'file_selector_ios-file_selector_ios_privacy' in project 'Pods' (no dependencies)
    Target 'connectivity_plus' in project 'Pods'
        ➜ Explicit dependency on target 'Flutter' in project 'Pods'
        ➜ Explicit dependency on target 'connectivity_plus-connectivity_plus_privacy' in project 'Pods'
    Target 'connectivity_plus-connectivity_plus_privacy' in project 'Pods' (no dependencies)
    Target 'audioplayers_darwin' in project 'Pods'
        ➜ Explicit dependency on target 'Flutter' in project 'Pods'
    Target 'Flutter' in project 'Pods' (no dependencies)
    Target 'FMDB' in project 'Pods'
        ➜ Explicit dependency on target 'FMDB-FMDB_Privacy' in project 'Pods'
        ➜ Explicit dependency on target 'SQLCipher' in project 'Pods'
    Target 'FMDB-FMDB_Privacy' in project 'Pods'
        ➜ Implicit dependency on target 'SQLCipher' in project 'Pods' via options '-framework SQLCipher' in build setting 'OTHER_LDFLAGS'
    Target 'SQLCipher' in project 'Pods'
        ➜ Explicit dependency on target 'SQLCipher-SQLCipher' in project 'Pods'
    Target 'SQLCipher-SQLCipher' in project 'Pods' (no dependencies)

GatherProvisioningInputs

CreateBuildDescription

ClangStatCache /Applications/Xcode.app/Contents/Developer/Toolchains/XcodeDefault.xctoolchain/usr/bin/clang-stat-cache /Applications/Xcode.app/Contents/Developer/Platforms/iPhoneSimulator.platform/Developer/SDKs/iPhoneSimulator26.5.sdk /Users/wilmeralzate/Library/Developer/Xcode/DerivedData/SDKStatCaches.noindex/iphonesimulator26.5-23F81a-6cfe768891a92b912361537c460fe42b.sdkstatcache
    cd /Users/wilmeralzate/Documents/GitHub/HearthBit/app/ios
    /Applications/Xcode.app/Contents/Developer/Toolchains/XcodeDefault.xctoolchain/usr/bin/clang-stat-cache /Applications/Xcode.app/Contents/Developer/Platforms/iPhoneSimulator.platform/Developer/SDKs/iPhoneSimulator26.5.sdk -o /Users/wilmeralzate/Library/Developer/Xcode/DerivedData/SDKStatCaches.noindex/iphonesimulator26.5-23F81a-6cfe768891a92b912361537c460fe42b.sdkstatcache

CpResource /Users/wilmeralzate/Library/Developer/Xcode/DerivedData/Runner-euekkyiyeygqzlfvqhlkopdaztwz/Build/Products/Debug-iphonesimulator/SQLCipher/SQLCipher.framework/SQLCipher.bundle /Users/wilmeralzate/Library/Developer/Xcode/DerivedData/Runner-euekkyiyeygqzlfvqhlkopdaztwz/Build/Products/Debug-iphonesimulator/SQLCipher/SQLCipher.bundle (in target 'SQLCipher' from project 'Pods')
    cd /Users/wilmeralzate/Documents/GitHub/HearthBit/app/ios/Pods
    builtin-copy -exclude .DS_Store -exclude CVS -exclude .svn -exclude .git -exclude .hg -resolve-src-symlinks /Users/wilmeralzate/Library/Developer/Xcode/DerivedData/Runner-euekkyiyeygqzlfvqhlkopdaztwz/Build/Products/Debug-iphonesimulator/SQLCipher/SQLCipher.bundle /Users/wilmeralzate/Library/Developer/Xcode/DerivedData/Runner-euekkyiyeygqzlfvqhlkopdaztwz/Build/Products/Debug-iphonesimulator/SQLCipher/SQLCipher.framework

CodeSign /Users/wilmeralzate/Library/Developer/Xcode/DerivedData/Runner-euekkyiyeygqzlfvqhlkopdaztwz/Build/Products/Debug-iphonesimulator/SQLCipher/SQLCipher.framework (in target 'SQLCipher' from project 'Pods')
    cd /Users/wilmeralzate/Documents/GitHub/HearthBit/app/ios/Pods
    
    Signing Identity:     "Sign to Run Locally"
    
    /usr/bin/codesign --force --sign - --timestamp\=none --generate-entitlement-der /Users/wilmeralzate/Library/Developer/Xcode/DerivedData/Runner-euekkyiyeygqzlfvqhlkopdaztwz/Build/Products/Debug-iphonesimulator/SQLCipher/SQLCipher.framework
/Users/wilmeralzate/Library/Developer/Xcode/DerivedData/Runner-euekkyiyeygqzlfvqhlkopdaztwz/Build/Products/Debug-iphonesimulator/SQLCipher/SQLCipher.framework: replacing existing signature

CpResource /Users/wilmeralzate/Library/Developer/Xcode/DerivedData/Runner-euekkyiyeygqzlfvqhlkopdaztwz/Build/Products/Debug-iphonesimulator/FMDB/FMDB.framework/FMDB_Privacy.bundle /Users/wilmeralzate/Library/Developer/Xcode/DerivedData/Runner-euekkyiyeygqzlfvqhlkopdaztwz/Build/Products/Debug-iphonesimulator/FMDB/FMDB_Privacy.bundle (in target 'FMDB' from project 'Pods')
    cd /Users/wilmeralzate/Documents/GitHub/HearthBit/app/ios/Pods
    builtin-copy -exclude .DS_Store -exclude CVS -exclude .svn -exclude .git -exclude .hg -resolve-src-symlinks /Users/wilmeralzate/Library/Developer/Xcode/DerivedData/Runner-euekkyiyeygqzlfvqhlkopdaztwz/Build/Products/Debug-iphonesimulator/FMDB/FMDB_Privacy.bundle /Users/wilmeralzate/Library/Developer/Xcode/DerivedData/Runner-euekkyiyeygqzlfvqhlkopdaztwz/Build/Products/Debug-iphonesimulator/FMDB/FMDB.framework

CpResource /Users/wilmeralzate/Library/Developer/Xcode/DerivedData/Runner-euekkyiyeygqzlfvqhlkopdaztwz/Build/Products/Debug-iphonesimulator/connectivity_plus/connectivity_plus.framework/connectivity_plus_privacy.bundle /Users/wilmeralzate/Library/Developer/Xcode/DerivedData/Runner-euekkyiyeygqzlfvqhlkopdaztwz/Build/Products/Debug-iphonesimulator/connectivity_plus/connectivity_plus_privacy.bundle (in target 'connectivity_plus' from project 'Pods')
    cd /Users/wilmeralzate/Documents/GitHub/HearthBit/app/ios/Pods
    builtin-copy -exclude .DS_Store -exclude CVS -exclude .svn -exclude .git -exclude .hg -resolve-src-symlinks /Users/wilmeralzate/Library/Developer/Xcode/DerivedData/Runner-euekkyiyeygqzlfvqhlkopdaztwz/Build/Products/Debug-iphonesimulator/connectivity_plus/connectivity_plus_privacy.bundle /Users/wilmeralzate/Library/Developer/Xcode/DerivedData/Runner-euekkyiyeygqzlfvqhlkopdaztwz/Build/Products/Debug-iphonesimulator/connectivity_plus/connectivity_plus.framework

CpResource /Users/wilmeralzate/Library/Developer/Xcode/DerivedData/Runner-euekkyiyeygqzlfvqhlkopdaztwz/Build/Products/Debug-iphonesimulator/file_selector_ios/file_selector_ios.framework/file_selector_ios_privacy.bundle /Users/wilmeralzate/Library/Developer/Xcode/DerivedData/Runner-euekkyiyeygqzlfvqhlkopdaztwz/Build/Products/Debug-iphonesimulator/file_selector_ios/file_selector_ios_privacy.bundle (in target 'file_selector_ios' from project 'Pods')
    cd /Users/wilmeralzate/Documents/GitHub/HearthBit/app/ios/Pods
    builtin-copy -exclude .DS_Store -exclude CVS -exclude .svn -exclude .git -exclude .hg -resolve-src-symlinks /Users/wilmeralzate/Library/Developer/Xcode/DerivedData/Runner-euekkyiyeygqzlfvqhlkopdaztwz/Build/Products/Debug-iphonesimulator/file_selector_ios/file_selector_ios_privacy.bundle /Users/wilmeralzate/Library/Developer/Xcode/DerivedData/Runner-euekkyiyeygqzlfvqhlkopdaztwz/Build/Products/Debug-iphonesimulator/file_selector_ios/file_selector_ios.framework

CpResource /Users/wilmeralzate/Library/Developer/Xcode/DerivedData/Runner-euekkyiyeygqzlfvqhlkopdaztwz/Build/Products/Debug-iphonesimulator/flutter_secure_storage_darwin/flutter_secure_storage_darwin.framework/flutter_secure_storage.bundle /Users/wilmeralzate/Library/Developer/Xcode/DerivedData/Runner-euekkyiyeygqzlfvqhlkopdaztwz/Build/Products/Debug-iphonesimulator/flutter_secure_storage_darwin/flutter_secure_storage.bundle (in target 'flutter_secure_storage_darwin' from project 'Pods')
    cd /Users/wilmeralzate/Documents/GitHub/HearthBit/app/ios/Pods
    builtin-copy -exclude .DS_Store -exclude CVS -exclude .svn -exclude .git -exclude .hg -resolve-src-symlinks /Users/wilmeralzate/Library/Developer/Xcode/DerivedData/Runner-euekkyiyeygqzlfvqhlkopdaztwz/Build/Products/Debug-iphonesimulator/flutter_secure_storage_darwin/flutter_secure_storage.bundle /Users/wilmeralzate/Library/Developer/Xcode/DerivedData/Runner-euekkyiyeygqzlfvqhlkopdaztwz/Build/Products/Debug-iphonesimulator/flutter_secure_storage_darwin/flutter_secure_storage_darwin.framework

CpResource /Users/wilmeralzate/Library/Developer/Xcode/DerivedData/Runner-euekkyiyeygqzlfvqhlkopdaztwz/Build/Products/Debug-iphonesimulator/geolocator_apple/geolocator_apple.framework/geolocator_apple_privacy.bundle /Users/wilmeralzate/Library/Developer/Xcode/DerivedData/Runner-euekkyiyeygqzlfvqhlkopdaztwz/Build/Products/Debug-iphonesimulator/geolocator_apple/geolocator_apple_privacy.bundle (in target 'geolocator_apple' from project 'Pods')
    cd /Users/wilmeralzate/Documents/GitHub/HearthBit/app/ios/Pods
    builtin-copy -exclude .DS_Store -exclude CVS -exclude .svn -exclude .git -exclude .hg -resolve-src-symlinks /Users/wilmeralzate/Library/Developer/Xcode/DerivedData/Runner-euekkyiyeygqzlfvqhlkopdaztwz/Build/Products/Debug-iphonesimulator/geolocator_apple/geolocator_apple_privacy.bundle /Users/wilmeralzate/Library/Developer/Xcode/DerivedData/Runner-euekkyiyeygqzlfvqhlkopdaztwz/Build/Products/Debug-iphonesimulator/geolocator_apple/geolocator_apple.framework

CpResource /Users/wilmeralzate/Library/Developer/Xcode/DerivedData/Runner-euekkyiyeygqzlfvqhlkopdaztwz/Build/Products/Debug-iphonesimulator/mobile_scanner/mobile_scanner.framework/mobile_scanner_privacy.bundle /Users/wilmeralzate/Library/Developer/Xcode/DerivedData/Runner-euekkyiyeygqzlfvqhlkopdaztwz/Build/Products/Debug-iphonesimulator/mobile_scanner/mobile_scanner_privacy.bundle (in target 'mobile_scanner' from project 'Pods')
    cd /Users/wilmeralzate/Documents/GitHub/HearthBit/app/ios/Pods
    builtin-copy -exclude .DS_Store -exclude CVS -exclude .svn -exclude .git -exclude .hg -resolve-src-symlinks /Users/wilmeralzate/Library/Developer/Xcode/DerivedData/Runner-euekkyiyeygqzlfvqhlkopdaztwz/Build/Products/Debug-iphonesimulator/mobile_scanner/mobile_scanner_privacy.bundle /Users/wilmeralzate/Library/Developer/Xcode/DerivedData/Runner-euekkyiyeygqzlfvqhlkopdaztwz/Build/Products/Debug-iphonesimulator/mobile_scanner/mobile_scanner.framework

CpResource /Users/wilmeralzate/Library/Developer/Xcode/DerivedData/Runner-euekkyiyeygqzlfvqhlkopdaztwz/Build/Products/Debug-iphonesimulator/package_info_plus/package_info_plus.framework/package_info_plus_privacy.bundle /Users/wilmeralzate/Library/Developer/Xcode/DerivedData/Runner-euekkyiyeygqzlfvqhlkopdaztwz/Build/Products/Debug-iphonesimulator/package_info_plus/package_info_plus_privacy.bundle (in target 'package_info_plus' from project 'Pods')
    cd /Users/wilmeralzate/Documents/GitHub/HearthBit/app/ios/Pods
    builtin-copy -exclude .DS_Store -exclude CVS -exclude .svn -exclude .git -exclude .hg -resolve-src-symlinks /Users/wilmeralzate/Library/Developer/Xcode/DerivedData/Runner-euekkyiyeygqzlfvqhlkopdaztwz/Build/Products/Debug-iphonesimulator/package_info_plus/package_info_plus_privacy.bundle /Users/wilmeralzate/Library/Developer/Xcode/DerivedData/Runner-euekkyiyeygqzlfvqhlkopdaztwz/Build/Products/Debug-iphonesimulator/package_info_plus/package_info_plus.framework

CpResource /Users/wilmeralzate/Library/Developer/Xcode/DerivedData/Runner-euekkyiyeygqzlfvqhlkopdaztwz/Build/Products/Debug-iphonesimulator/record_ios/record_ios.framework/record_ios_privacy.bundle /Users/wilmeralzate/Library/Developer/Xcode/DerivedData/Runner-euekkyiyeygqzlfvqhlkopdaztwz/Build/Products/Debug-iphonesimulator/record_ios/record_ios_privacy.bundle (in target 'record_ios' from project 'Pods')
    cd /Users/wilmeralzate/Documents/GitHub/HearthBit/app/ios/Pods
    builtin-copy -exclude .DS_Store -exclude CVS -exclude .svn -exclude .git -exclude .hg -resolve-src-symlinks /Users/wilmeralzate/Library/Developer/Xcode/DerivedData/Runner-euekkyiyeygqzlfvqhlkopdaztwz/Build/Products/Debug-iphonesimulator/record_ios/record_ios_privacy.bundle /Users/wilmeralzate/Library/Developer/Xcode/DerivedData/Runner-euekkyiyeygqzlfvqhlkopdaztwz/Build/Products/Debug-iphonesimulator/record_ios/record_ios.framework

CpResource /Users/wilmeralzate/Library/Developer/Xcode/DerivedData/Runner-euekkyiyeygqzlfvqhlkopdaztwz/Build/Products/Debug-iphonesimulator/share_plus/share_plus.framework/share_plus_privacy.bundle /Users/wilmeralzate/Library/Developer/Xcode/DerivedData/Runner-euekkyiyeygqzlfvqhlkopdaztwz/Build/Products/Debug-iphonesimulator/share_plus/share_plus_privacy.bundle (in target 'share_plus' from project 'Pods')
    cd /Users/wilmeralzate/Documents/GitHub/HearthBit/app/ios/Pods
    builtin-copy -exclude .DS_Store -exclude CVS -exclude .svn -exclude .git -exclude .hg -resolve-src-symlinks /Users/wilmeralzate/Library/Developer/Xcode/DerivedData/Runner-euekkyiyeygqzlfvqhlkopdaztwz/Build/Products/Debug-iphonesimulator/share_plus/share_plus_privacy.bundle /Users/wilmeralzate/Library/Developer/Xcode/DerivedData/Runner-euekkyiyeygqzlfvqhlkopdaztwz/Build/Products/Debug-iphonesimulator/share_plus/share_plus.framework

CpResource /Users/wilmeralzate/Library/Developer/Xcode/DerivedData/Runner-euekkyiyeygqzlfvqhlkopdaztwz/Build/Products/Debug-iphonesimulator/shared_preferences_foundation/shared_preferences_foundation.framework/shared_preferences_foundation_privacy.bundle /Users/wilmeralzate/Library/Developer/Xcode/DerivedData/Runner-euekkyiyeygqzlfvqhlkopdaztwz/Build/Products/Debug-iphonesimulator/shared_preferences_foundation/shared_preferences_foundation_privacy.bundle (in target 'shared_preferences_foundation' from project 'Pods')
    cd /Users/wilmeralzate/Documents/GitHub/HearthBit/app/ios/Pods
    builtin-copy -exclude .DS_Store -exclude CVS -exclude .svn -exclude .git -exclude .hg -resolve-src-symlinks /Users/wilmeralzate/Library/Developer/Xcode/DerivedData/Runner-euekkyiyeygqzlfvqhlkopdaztwz/Build/Products/Debug-iphonesimulator/shared_preferences_foundation/shared_preferences_foundation_privacy.bundle /Users/wilmeralzate/Library/Developer/Xcode/DerivedData/Runner-euekkyiyeygqzlfvqhlkopdaztwz/Build/Products/Debug-iphonesimulator/shared_preferences_foundation/shared_preferences_foundation.framework

CodeSign /Users/wilmeralzate/Library/Developer/Xcode/DerivedData/Runner-euekkyiyeygqzlfvqhlkopdaztwz/Build/Products/Debug-iphonesimulator/FMDB/FMDB.framework (in target 'FMDB' from project 'Pods')
    cd /Users/wilmeralzate/Documents/GitHub/HearthBit/app/ios/Pods
    
    Signing Identity:     "Sign to Run Locally"
    
    /usr/bin/codesign --force --sign - --timestamp\=none --generate-entitlement-der /Users/wilmeralzate/Library/Developer/Xcode/DerivedData/Runner-euekkyiyeygqzlfvqhlkopdaztwz/Build/Products/Debug-iphonesimulator/FMDB/FMDB.framework
/Users/wilmeralzate/Library/Developer/Xcode/DerivedData/Runner-euekkyiyeygqzlfvqhlkopdaztwz/Build/Products/Debug-iphonesimulator/FMDB/FMDB.framework: replacing existing signature

CpResource /Users/wilmeralzate/Library/Developer/Xcode/DerivedData/Runner-euekkyiyeygqzlfvqhlkopdaztwz/Build/Products/Debug-iphonesimulator/sqflite_sqlcipher/sqflite_sqlcipher.framework/sqflite_sqlcipher_ios_privacy.bundle /Users/wilmeralzate/Library/Developer/Xcode/DerivedData/Runner-euekkyiyeygqzlfvqhlkopdaztwz/Build/Products/Debug-iphonesimulator/sqflite_sqlcipher/sqflite_sqlcipher_ios_privacy.bundle (in target 'sqflite_sqlcipher' from project 'Pods')
    cd /Users/wilmeralzate/Documents/GitHub/HearthBit/app/ios/Pods
    builtin-copy -exclude .DS_Store -exclude CVS -exclude .svn -exclude .git -exclude .hg -resolve-src-symlinks /Users/wilmeralzate/Library/Developer/Xcode/DerivedData/Runner-euekkyiyeygqzlfvqhlkopdaztwz/Build/Products/Debug-iphonesimulator/sqflite_sqlcipher/sqflite_sqlcipher_ios_privacy.bundle /Users/wilmeralzate/Library/Developer/Xcode/DerivedData/Runner-euekkyiyeygqzlfvqhlkopdaztwz/Build/Products/Debug-iphonesimulator/sqflite_sqlcipher/sqflite_sqlcipher.framework

CpResource /Users/wilmeralzate/Library/Developer/Xcode/DerivedData/Runner-euekkyiyeygqzlfvqhlkopdaztwz/Build/Products/Debug-iphonesimulator/url_launcher_ios/url_launcher_ios.framework/url_launcher_ios_privacy.bundle /Users/wilmeralzate/Library/Developer/Xcode/DerivedData/Runner-euekkyiyeygqzlfvqhlkopdaztwz/Build/Products/Debug-iphonesimulator/url_launcher_ios/url_launcher_ios_privacy.bundle (in target 'url_launcher_ios' from project 'Pods')
    cd /Users/wilmeralzate/Documents/GitHub/HearthBit/app/ios/Pods
    builtin-copy -exclude .DS_Store -exclude CVS -exclude .svn -exclude .git -exclude .hg -resolve-src-symlinks /Users/wilmeralzate/Library/Developer/Xcode/DerivedData/Runner-euekkyiyeygqzlfvqhlkopdaztwz/Build/Products/Debug-iphonesimulator/url_launcher_ios/url_launcher_ios_privacy.bundle /Users/wilmeralzate/Library/Developer/Xcode/DerivedData/Runner-euekkyiyeygqzlfvqhlkopdaztwz/Build/Products/Debug-iphonesimulator/url_launcher_ios/url_launcher_ios.framework

CodeSign /Users/wilmeralzate/Library/Developer/Xcode/DerivedData/Runner-euekkyiyeygqzlfvqhlkopdaztwz/Build/Products/Debug-iphonesimulator/connectivity_plus/connectivity_plus.framework (in target 'connectivity_plus' from project 'Pods')
    cd /Users/wilmeralzate/Documents/GitHub/HearthBit/app/ios/Pods
    
    Signing Identity:     "Sign to Run Locally"
    
    /usr/bin/codesign --force --sign - --timestamp\=none --generate-entitlement-der /Users/wilmeralzate/Library/Developer/Xcode/DerivedData/Runner-euekkyiyeygqzlfvqhlkopdaztwz/Build/Products/Debug-iphonesimulator/connectivity_plus/connectivity_plus.framework
/Users/wilmeralzate/Library/Developer/Xcode/DerivedData/Runner-euekkyiyeygqzlfvqhlkopdaztwz/Build/Products/Debug-iphonesimulator/connectivity_plus/connectivity_plus.framework: replacing existing signature

CodeSign /Users/wilmeralzate/Library/Developer/Xcode/DerivedData/Runner-euekkyiyeygqzlfvqhlkopdaztwz/Build/Products/Debug-iphonesimulator/file_selector_ios/file_selector_ios.framework (in target 'file_selector_ios' from project 'Pods')
    cd /Users/wilmeralzate/Documents/GitHub/HearthBit/app/ios/Pods
    
    Signing Identity:     "Sign to Run Locally"
    
    /usr/bin/codesign --force --sign - --timestamp\=none --generate-entitlement-der /Users/wilmeralzate/Library/Developer/Xcode/DerivedData/Runner-euekkyiyeygqzlfvqhlkopdaztwz/Build/Products/Debug-iphonesimulator/file_selector_ios/file_selector_ios.framework
/Users/wilmeralzate/Library/Developer/Xcode/DerivedData/Runner-euekkyiyeygqzlfvqhlkopdaztwz/Build/Products/Debug-iphonesimulator/file_selector_ios/file_selector_ios.framework: replacing existing signature

CodeSign /Users/wilmeralzate/Library/Developer/Xcode/DerivedData/Runner-euekkyiyeygqzlfvqhlkopdaztwz/Build/Products/Debug-iphonesimulator/flutter_secure_storage_darwin/flutter_secure_storage_darwin.framework (in target 'flutter_secure_storage_darwin' from project 'Pods')
    cd /Users/wilmeralzate/Documents/GitHub/HearthBit/app/ios/Pods
    
    Signing Identity:     "Sign to Run Locally"
    
    /usr/bin/codesign --force --sign - --timestamp\=none --generate-entitlement-der /Users/wilmeralzate/Library/Developer/Xcode/DerivedData/Runner-euekkyiyeygqzlfvqhlkopdaztwz/Build/Products/Debug-iphonesimulator/flutter_secure_storage_darwin/flutter_secure_storage_darwin.framework
/Users/wilmeralzate/Library/Developer/Xcode/DerivedData/Runner-euekkyiyeygqzlfvqhlkopdaztwz/Build/Products/Debug-iphonesimulator/flutter_secure_storage_darwin/flutter_secure_storage_darwin.framework: replacing existing signature

CodeSign /Users/wilmeralzate/Library/Developer/Xcode/DerivedData/Runner-euekkyiyeygqzlfvqhlkopdaztwz/Build/Products/Debug-iphonesimulator/geolocator_apple/geolocator_apple.framework (in target 'geolocator_apple' from project 'Pods')
    cd /Users/wilmeralzate/Documents/GitHub/HearthBit/app/ios/Pods
    
    Signing Identity:     "Sign to Run Locally"
    
    /usr/bin/codesign --force --sign - --timestamp\=none --generate-entitlement-der /Users/wilmeralzate/Library/Developer/Xcode/DerivedData/Runner-euekkyiyeygqzlfvqhlkopdaztwz/Build/Products/Debug-iphonesimulator/geolocator_apple/geolocator_apple.framework
/Users/wilmeralzate/Library/Developer/Xcode/DerivedData/Runner-euekkyiyeygqzlfvqhlkopdaztwz/Build/Products/Debug-iphonesimulator/geolocator_apple/geolocator_apple.framework: replacing existing signature

CodeSign /Users/wilmeralzate/Library/Developer/Xcode/DerivedData/Runner-euekkyiyeygqzlfvqhlkopdaztwz/Build/Products/Debug-iphonesimulator/mobile_scanner/mobile_scanner.framework (in target 'mobile_scanner' from project 'Pods')
    cd /Users/wilmeralzate/Documents/GitHub/HearthBit/app/ios/Pods
    
    Signing Identity:     "Sign to Run Locally"
    
    /usr/bin/codesign --force --sign - --timestamp\=none --generate-entitlement-der /Users/wilmeralzate/Library/Developer/Xcode/DerivedData/Runner-euekkyiyeygqzlfvqhlkopdaztwz/Build/Products/Debug-iphonesimulator/mobile_scanner/mobile_scanner.framework
/Users/wilmeralzate/Library/Developer/Xcode/DerivedData/Runner-euekkyiyeygqzlfvqhlkopdaztwz/Build/Products/Debug-iphonesimulator/mobile_scanner/mobile_scanner.framework: replacing existing signature

CodeSign /Users/wilmeralzate/Library/Developer/Xcode/DerivedData/Runner-euekkyiyeygqzlfvqhlkopdaztwz/Build/Products/Debug-iphonesimulator/package_info_plus/package_info_plus.framework (in target 'package_info_plus' from project 'Pods')
    cd /Users/wilmeralzate/Documents/GitHub/HearthBit/app/ios/Pods
    
    Signing Identity:     "Sign to Run Locally"
    
    /usr/bin/codesign --force --sign - --timestamp\=none --generate-entitlement-der /Users/wilmeralzate/Library/Developer/Xcode/DerivedData/Runner-euekkyiyeygqzlfvqhlkopdaztwz/Build/Products/Debug-iphonesimulator/package_info_plus/package_info_plus.framework
/Users/wilmeralzate/Library/Developer/Xcode/DerivedData/Runner-euekkyiyeygqzlfvqhlkopdaztwz/Build/Products/Debug-iphonesimulator/package_info_plus/package_info_plus.framework: replacing existing signature

CodeSign /Users/wilmeralzate/Library/Developer/Xcode/DerivedData/Runner-euekkyiyeygqzlfvqhlkopdaztwz/Build/Products/Debug-iphonesimulator/record_ios/record_ios.framework (in target 'record_ios' from project 'Pods')
    cd /Users/wilmeralzate/Documents/GitHub/HearthBit/app/ios/Pods
    
    Signing Identity:     "Sign to Run Locally"
    
    /usr/bin/codesign --force --sign - --timestamp\=none --generate-entitlement-der /Users/wilmeralzate/Library/Developer/Xcode/DerivedData/Runner-euekkyiyeygqzlfvqhlkopdaztwz/Build/Products/Debug-iphonesimulator/record_ios/record_ios.framework
/Users/wilmeralzate/Library/Developer/Xcode/DerivedData/Runner-euekkyiyeygqzlfvqhlkopdaztwz/Build/Products/Debug-iphonesimulator/record_ios/record_ios.framework: replacing existing signature

CodeSign /Users/wilmeralzate/Library/Developer/Xcode/DerivedData/Runner-euekkyiyeygqzlfvqhlkopdaztwz/Build/Products/Debug-iphonesimulator/share_plus/share_plus.framework (in target 'share_plus' from project 'Pods')
    cd /Users/wilmeralzate/Documents/GitHub/HearthBit/app/ios/Pods
    
    Signing Identity:     "Sign to Run Locally"
    
    /usr/bin/codesign --force --sign - --timestamp\=none --generate-entitlement-der /Users/wilmeralzate/Library/Developer/Xcode/DerivedData/Runner-euekkyiyeygqzlfvqhlkopdaztwz/Build/Products/Debug-iphonesimulator/share_plus/share_plus.framework
/Users/wilmeralzate/Library/Developer/Xcode/DerivedData/Runner-euekkyiyeygqzlfvqhlkopdaztwz/Build/Products/Debug-iphonesimulator/share_plus/share_plus.framework: replacing existing signature

CodeSign /Users/wilmeralzate/Library/Developer/Xcode/DerivedData/Runner-euekkyiyeygqzlfvqhlkopdaztwz/Build/Products/Debug-iphonesimulator/shared_preferences_foundation/shared_preferences_foundation.framework (in target 'shared_preferences_foundation' from project 'Pods')
    cd /Users/wilmeralzate/Documents/GitHub/HearthBit/app/ios/Pods
    
    Signing Identity:     "Sign to Run Locally"
    
    /usr/bin/codesign --force --sign - --timestamp\=none --generate-entitlement-der /Users/wilmeralzate/Library/Developer/Xcode/DerivedData/Runner-euekkyiyeygqzlfvqhlkopdaztwz/Build/Products/Debug-iphonesimulator/shared_preferences_foundation/shared_preferences_foundation.framework
/Users/wilmeralzate/Library/Developer/Xcode/DerivedData/Runner-euekkyiyeygqzlfvqhlkopdaztwz/Build/Products/Debug-iphonesimulator/shared_preferences_foundation/shared_preferences_foundation.framework: replacing existing signature

CodeSign /Users/wilmeralzate/Library/Developer/Xcode/DerivedData/Runner-euekkyiyeygqzlfvqhlkopdaztwz/Build/Products/Debug-iphonesimulator/sqflite_sqlcipher/sqflite_sqlcipher.framework (in target 'sqflite_sqlcipher' from project 'Pods')
    cd /Users/wilmeralzate/Documents/GitHub/HearthBit/app/ios/Pods
    
    Signing Identity:     "Sign to Run Locally"
    
    /usr/bin/codesign --force --sign - --timestamp\=none --generate-entitlement-der /Users/wilmeralzate/Library/Developer/Xcode/DerivedData/Runner-euekkyiyeygqzlfvqhlkopdaztwz/Build/Products/Debug-iphonesimulator/sqflite_sqlcipher/sqflite_sqlcipher.framework
/Users/wilmeralzate/Library/Developer/Xcode/DerivedData/Runner-euekkyiyeygqzlfvqhlkopdaztwz/Build/Products/Debug-iphonesimulator/sqflite_sqlcipher/sqflite_sqlcipher.framework: replacing existing signature

CodeSign /Users/wilmeralzate/Library/Developer/Xcode/DerivedData/Runner-euekkyiyeygqzlfvqhlkopdaztwz/Build/Products/Debug-iphonesimulator/url_launcher_ios/url_launcher_ios.framework (in target 'url_launcher_ios' from project 'Pods')
    cd /Users/wilmeralzate/Documents/GitHub/HearthBit/app/ios/Pods
    
    Signing Identity:     "Sign to Run Locally"
    
    /usr/bin/codesign --force --sign - --timestamp\=none --generate-entitlement-der /Users/wilmeralzate/Library/Developer/Xcode/DerivedData/Runner-euekkyiyeygqzlfvqhlkopdaztwz/Build/Products/Debug-iphonesimulator/url_launcher_ios/url_launcher_ios.framework
/Users/wilmeralzate/Library/Developer/Xcode/DerivedData/Runner-euekkyiyeygqzlfvqhlkopdaztwz/Build/Products/Debug-iphonesimulator/url_launcher_ios/url_launcher_ios.framework: replacing existing signature

note: Run script build phase 'Run Script' will be run during every build because the option to run the script phase "Based on dependency analysis" is unchecked. (in target 'Runner' from project 'Runner')
note: Run script build phase 'Thin Binary' will be run during every build because the option to run the script phase "Based on dependency analysis" is unchecked. (in target 'Runner' from project 'Runner')
PhaseScriptExecution Run\ Script /Users/wilmeralzate/Library/Developer/Xcode/DerivedData/Runner-euekkyiyeygqzlfvqhlkopdaztwz/Build/Intermediates.noindex/Runner.build/Debug-iphonesimulator/Runner.build/Script-9740EEB61CF901F6004384FC.sh (in target 'Runner' from project 'Runner')
    cd /Users/wilmeralzate/Documents/GitHub/HearthBit/app/ios
    export ACTION\=build
    export AD_HOC_CODE_SIGNING_ALLOWED\=YES
    export AGGREGATE_TRACKED_DOMAINS\=YES
    export ALLOW_BUILD_REQUEST_OVERRIDES\=NO
    export ALLOW_TARGET_PLATFORM_SPECIALIZATION\=NO
    export ALTERNATE_GROUP\=staff
    export ALTERNATE_MODE\=u+w,go-w,a+rX
    export ALTERNATE_OWNER\=wilmeralzate
    export ALTERNATIVE_DISTRIBUTION_WEB\=NO
    export ALWAYS_EMBED_SWIFT_STANDARD_LIBRARIES\=YES
    export ALWAYS_SEARCH_USER_PATHS\=NO
    export ALWAYS_USE_SEPARATE_HEADERMAPS\=NO
    export APPLICATION_EXTENSION_API_ONLY\=NO
    export APPLY_RULES_IN_COPY_FILES\=NO
    export APPLY_RULES_IN_COPY_HEADERS\=NO
    export APP_SHORTCUTS_ENABLE_FLEXIBLE_MATCHING\=YES
    export ARCHS\=arm64
    export ARCHS_BASE\=arm64
    export ARCHS_STANDARD\=arm64\ x86_64
    export ARCHS_STANDARD_32_64_BIT\=arm64\ x86_64
    export ARCHS_STANDARD_64_BIT\=arm64\ x86_64
    export ARCHS_STANDARD_INCLUDING_64_BIT\=arm64\ x86_64
    export ARCHS_UNIVERSAL_IPHONE_OS\=arm64\ x86_64
    export ASSETCATALOG_COMPILER_APPICON_NAME\=AppIcon
    export ASSETCATALOG_COMPILER_GENERATE_SWIFT_ASSET_SYMBOL_EXTENSIONS\=AppIcon
    export ASSETCATALOG_FILTER_FOR_DEVICE_MODEL\=iPhone18,1
    export ASSETCATALOG_FILTER_FOR_DEVICE_OS_VERSION\=26.5
    export ASSETCATALOG_FILTER_FOR_THINNING_DEVICE_CONFIGURATION\=iPhone18,1
    export AUTOMATICALLY_MERGE_DEPENDENCIES\=NO
    export AUTOMATION_APPLE_EVENTS\=NO
    export AVAILABLE_PLATFORMS\=android\ appletvos\ appletvsimulator\ driverkit\ freebsd\ iphoneos\ iphonesimulator\ linux\ macosx\ none\ openbsd\ qnx\ watchos\ watchsimulator\ webassembly\ xros\ xrsimulator
    export AppIdentifierPrefix\=74V23JJ8B7.
    export BUILD_ACTIVE_RESOURCES_ONLY\=YES
    export BUILD_COMPONENTS\=headers\ build
    export BUILD_DIR\=/Users/wilmeralzate/Library/Developer/Xcode/DerivedData/Runner-euekkyiyeygqzlfvqhlkopdaztwz/Build/Products
    export BUILD_LIBRARY_FOR_DISTRIBUTION\=NO
    export BUILD_ONLY_KNOWN_LOCALIZATIONS\=NO
    export BUILD_ROOT\=/Users/wilmeralzate/Library/Developer/Xcode/DerivedData/Runner-euekkyiyeygqzlfvqhlkopdaztwz/Build/Products
    export BUILD_STYLE\=
    export BUILD_VARIANTS\=normal
    export BUILT_PRODUCTS_DIR\=/Users/wilmeralzate/Library/Developer/Xcode/DerivedData/Runner-euekkyiyeygqzlfvqhlkopdaztwz/Build/Products/Debug-iphonesimulator
    export BUNDLE_CONTENTS_FOLDER_PATH_deep\=Contents/
    export BUNDLE_EXECUTABLE_FOLDER_NAME_deep\=MacOS
    export BUNDLE_EXTENSIONS_FOLDER_PATH\=Extensions
    export BUNDLE_FORMAT\=shallow
    export BUNDLE_FRAMEWORKS_FOLDER_PATH\=Frameworks
    export BUNDLE_PLUGINS_FOLDER_PATH\=PlugIns
    export BUNDLE_PRIVATE_HEADERS_FOLDER_PATH\=PrivateHeaders
    export BUNDLE_PUBLIC_HEADERS_FOLDER_PATH\=Headers
    export CACHE_ROOT\=/var/folders/10/f43wtv1578155rl0tnfqgqvr0000gp/C/com.apple.DeveloperTools/26.6-17F113/Xcode
    export CCHROOT\=/var/folders/10/f43wtv1578155rl0tnfqgqvr0000gp/C/com.apple.DeveloperTools/26.6-17F113/Xcode
    export CHMOD\=/bin/chmod
    export CHOWN\=chown
    export CLANG_ANALYZER_NONNULL\=YES
    export CLANG_CACHE_FINE_GRAINED_OUTPUTS\=YES
    export CLANG_CXX_LANGUAGE_STANDARD\=gnu++0x
    export CLANG_CXX_LIBRARY\=libc++
    export CLANG_ENABLE_EXPLICIT_MODULES\=YES
    export CLANG_ENABLE_MODULES\=YES
    export CLANG_ENABLE_OBJC_ARC\=YES
    export CLANG_MODULES_BUILD_SESSION_FILE\=/Users/wilmeralzate/Library/Developer/Xcode/DerivedData/ModuleCache.noindex/Session.modulevalidation
    export CLANG_WARN_BLOCK_CAPTURE_AUTORELEASING\=YES
    export CLANG_WARN_BOOL_CONVERSION\=YES
    export CLANG_WARN_COMMA\=YES
    export CLANG_WARN_CONSTANT_CONVERSION\=YES
    export CLANG_WARN_DEPRECATED_OBJC_IMPLEMENTATIONS\=YES
    export CLANG_WARN_DIRECT_OBJC_ISA_USAGE\=YES_ERROR
    export CLANG_WARN_EMPTY_BODY\=YES
    export CLANG_WARN_ENUM_CONVERSION\=YES
    export CLANG_WARN_INFINITE_RECURSION\=YES
    export CLANG_WARN_INT_CONVERSION\=YES
    export CLANG_WARN_NON_LITERAL_NULL_CONVERSION\=YES
    export CLANG_WARN_OBJC_IMPLICIT_RETAIN_SELF\=YES
    export CLANG_WARN_OBJC_LITERAL_CONVERSION\=YES
    export CLANG_WARN_OBJC_ROOT_CLASS\=YES_ERROR
    export CLANG_WARN_QUOTED_INCLUDE_IN_FRAMEWORK_HEADER\=NO
    export CLANG_WARN_RANGE_LOOP_ANALYSIS\=YES
    export CLANG_WARN_STRICT_PROTOTYPES\=YES
    export CLANG_WARN_SUSPICIOUS_MOVE\=YES
    export CLANG_WARN_UNREACHABLE_CODE\=YES
    export CLANG_WARN__DUPLICATE_METHOD_MATCH\=YES
    export CLASS_FILE_DIR\=/Users/wilmeralzate/Library/Developer/Xcode/DerivedData/Runner-euekkyiyeygqzlfvqhlkopdaztwz/Build/Intermediates.noindex/Runner.build/Debug-iphonesimulator/Runner.build/JavaClasses
    export CLEAN_PRECOMPS\=YES
    export CLONE_HEADERS\=NO
    export COCOAPODS_PARALLEL_CODE_SIGN\=true
    export CODESIGNING_FOLDER_PATH\=/Users/wilmeralzate/Library/Developer/Xcode/DerivedData/Runner-euekkyiyeygqzlfvqhlkopdaztwz/Build/Products/Debug-iphonesimulator/Runner.app
    export CODE_SIGNING_ALLOWED\=YES
    export CODE_SIGNING_REQUIRED\=YES
    export CODE_SIGN_CONTEXT_CLASS\=XCiPhoneSimulatorCodeSignContext
    export CODE_SIGN_ENTITLEMENTS\=Runner/Runner.entitlements
    export CODE_SIGN_IDENTITY\=-
    export CODE_SIGN_INJECT_BASE_ENTITLEMENTS\=YES
    export COLOR_DIAGNOSTICS\=NO
    export COMBINE_HIDPI_IMAGES\=NO
    export COMPILATION_CACHE_CAS_PATH\=/Users/wilmeralzate/Library/Developer/Xcode/DerivedData/CompilationCache.noindex
    export COMPILATION_CACHE_KEEP_CAS_DIRECTORY\=YES
    export COMPILER_INDEX_STORE_ENABLE\=Default
    export COMPOSITE_SDK_DIRS\=/Users/wilmeralzate/Library/Developer/Xcode/DerivedData/Runner-euekkyiyeygqzlfvqhlkopdaztwz/Build/Intermediates.noindex/CompositeSDKs
    export COMPRESS_PNG_FILES\=YES
    export CONFIGURATION\=Debug
    export CONFIGURATION_BUILD_DIR\=/Users/wilmeralzate/Library/Developer/Xcode/DerivedData/Runner-euekkyiyeygqzlfvqhlkopdaztwz/Build/Products/Debug-iphonesimulator
    export CONFIGURATION_TEMP_DIR\=/Users/wilmeralzate/Library/Developer/Xcode/DerivedData/Runner-euekkyiyeygqzlfvqhlkopdaztwz/Build/Intermediates.noindex/Runner.build/Debug-iphonesimulator
    export CONTENTS_FOLDER_PATH\=Runner.app
    export CONTENTS_FOLDER_PATH_SHALLOW_BUNDLE_NO\=Runner.app/Contents
    export CONTENTS_FOLDER_PATH_SHALLOW_BUNDLE_YES\=Runner.app
    export COPYING_PRESERVES_HFS_DATA\=NO
    export COPY_HEADERS_RUN_UNIFDEF\=NO
    export COPY_PHASE_STRIP\=NO
    export CORRESPONDING_DEVICE_PLATFORM_DIR\=/Applications/Xcode.app/Contents/Developer/Platforms/iPhoneOS.platform
    export CORRESPONDING_DEVICE_PLATFORM_NAME\=iphoneos
    export CORRESPONDING_DEVICE_SDK_DIR\=/Applications/Xcode.app/Contents/Developer/Platforms/iPhoneOS.platform/Developer/SDKs/iPhoneOS26.5.sdk
    export CORRESPONDING_DEVICE_SDK_NAME\=iphoneos26.5
    export CP\=/bin/cp
    export CREATE_INFOPLIST_SECTION_IN_BINARY\=NO
    export CURRENT_ARCH\=undefined_arch
    export CURRENT_PROJECT_VERSION\=1
    export CURRENT_VARIANT\=normal
    export DART_DEFINES\=RkxVVFRFUl9CVUlMRF9OQU1FPTEuMC4w,RkxVVFRFUl9CVUlMRF9OVU1CRVI9MQ\=\=,RkxVVFRFUl9WRVJTSU9OPTMuNDcuMA\=\=,RkxVVFRFUl9DSEFOTkVMPXN0YWJsZQ\=\=,RkxVVFRFUl9HSVRfVVJMPWh0dHBzOi8vZ2l0aHViLmNvbS9mbHV0dGVyL2ZsdXR0ZXIuZ2l0,RkxVVFRFUl9GUkFNRVdPUktfUkVWSVNJT049NGNmMjQxNjQyNg\=\=,RkxVVFRFUl9FTkdJTkVfUkVWSVNJT049NWY3NzYyNTY3Mw\=\=,RkxVVFRFUl9EQVJUX1ZFUlNJT049My4xMy4w
    export DART_OBFUSCATION\=false
    export DEAD_CODE_STRIPPING\=YES
    export DEBUGGING_SYMBOLS\=YES
    export DEBUG_INFORMATION_FORMAT\=dwarf
    export DEBUG_INFORMATION_VERSION\=compiler-default
    export DEFAULT_COMPILER\=com.apple.compilers.llvm.clang.1_0
    export DEFAULT_DEXT_INSTALL_PATH\=/System/Library/DriverExtensions
    export DEFAULT_KEXT_INSTALL_PATH\=/System/Library/Extensions
    export DEFINES_MODULE\=NO
    export DEPLOYMENT_LOCATION\=NO
    export DEPLOYMENT_POSTPROCESSING\=NO
    export DEPLOYMENT_TARGET_SETTING_NAME\=IPHONEOS_DEPLOYMENT_TARGET
    export DEPLOYMENT_TARGET_SUGGESTED_VALUES\=12.0\ 12.1\ 12.2\ 12.3\ 12.4\ 13.0\ 13.1\ 13.2\ 13.3\ 13.4\ 13.5\ 13.6\ 14.0\ 14.1\ 14.2\ 14.3\ 14.4\ 14.5\ 14.6\ 14.7\ 15.0\ 15.1\ 15.2\ 15.3\ 15.4\ 15.5\ 15.6\ 16.0\ 16.1\ 16.2\ 16.3\ 16.4\ 16.5\ 16.6\ 17.0\ 17.1\ 17.2\ 17.3\ 17.4\ 17.5\ 17.6\ 18.0\ 18.1\ 18.2\ 18.3\ 18.4\ 18.5\ 18.6\ 26.0\ 26.2\ 26.3\ 26.4\ 26.5
    export DERIVED_FILES_DIR\=/Users/wilmeralzate/Library/Developer/Xcode/DerivedData/Runner-euekkyiyeygqzlfvqhlkopdaztwz/Build/Intermediates.noindex/Runner.build/Debug-iphonesimulator/Runner.build/DerivedSources
    export DERIVED_FILE_DIR\=/Users/wilmeralzate/Library/Developer/Xcode/DerivedData/Runner-euekkyiyeygqzlfvqhlkopdaztwz/Build/Intermediates.noindex/Runner.build/Debug-iphonesimulator/Runner.build/DerivedSources
    export DERIVED_SOURCES_DIR\=/Users/wilmeralzate/Library/Developer/Xcode/DerivedData/Runner-euekkyiyeygqzlfvqhlkopdaztwz/Build/Intermediates.noindex/Runner.build/Debug-iphonesimulator/Runner.build/DerivedSources
    export DEVELOPER_APPLICATIONS_DIR\=/Applications/Xcode.app/Contents/Developer/Applications
    export DEVELOPER_BIN_DIR\=/Applications/Xcode.app/Contents/Developer/usr/bin
    export DEVELOPER_DIR\=/Applications/Xcode.app/Contents/Developer
    export DEVELOPER_FRAMEWORKS_DIR\=/Applications/Xcode.app/Contents/Developer/Library/Frameworks
    export DEVELOPER_FRAMEWORKS_DIR_QUOTED\=/Applications/Xcode.app/Contents/Developer/Library/Frameworks
    export DEVELOPER_LIBRARY_DIR\=/Applications/Xcode.app/Contents/Developer/Library
    export DEVELOPER_SDK_DIR\=/Applications/Xcode.app/Contents/Developer/Platforms/MacOSX.platform/Developer/SDKs
    export DEVELOPER_TOOLS_DIR\=/Applications/Xcode.app/Contents/Developer/Tools
    export DEVELOPER_USR_DIR\=/Applications/Xcode.app/Contents/Developer/usr
    export DEVELOPMENT_LANGUAGE\=en
    export DEVELOPMENT_TEAM\=74V23JJ8B7
    export DIAGNOSE_MISSING_TARGET_DEPENDENCIES\=YES
    export DIFF\=/usr/bin/diff
    export DOCUMENTATION_FOLDER_PATH\=Runner.app/en.lproj/Documentation
    export DONT_GENERATE_INFOPLIST_FILE\=NO
    export DSTROOT\=/tmp/Runner.dst
    export DT_TOOLCHAIN_DIR\=/Applications/Xcode.app/Contents/Developer/Toolchains/XcodeDefault.xctoolchain
    export DUMP_DEPENDENCIES\=NO
    export DUMP_DEPENDENCIES_OUTPUT_PATH\=/Users/wilmeralzate/Library/Developer/Xcode/DerivedData/Runner-euekkyiyeygqzlfvqhlkopdaztwz/Build/Intermediates.noindex/Runner.build/Debug-iphonesimulator/Runner.build/Runner-BuildDependencyInfo.json
    export DWARF_DSYM_FILE_NAME\=Runner.app.dSYM
    export DWARF_DSYM_FILE_SHOULD_ACCOMPANY_PRODUCT\=NO
    export DWARF_DSYM_FOLDER_PATH\=/Users/wilmeralzate/Library/Developer/Xcode/DerivedData/Runner-euekkyiyeygqzlfvqhlkopdaztwz/Build/Products/Debug-iphonesimulator
    export DYNAMIC_LIBRARY_EXTENSION\=dylib
    export EAGER_COMPILATION_ALLOW_SCRIPTS\=NO
    export EAGER_LINKING\=NO
    export EFFECTIVE_PLATFORM_NAME\=-iphonesimulator
    export EFFECTIVE_SWIFT_VERSION\=5
    export EMBEDDED_CONTENT_CONTAINS_SWIFT\=NO
    export EMBED_ASSET_PACKS_IN_PRODUCT_BUNDLE\=NO
    export ENABLE_APP_SANDBOX\=NO
    export ENABLE_BITCODE\=NO
    export ENABLE_CODE_COVERAGE\=YES
    export ENABLE_COHORT_ARCHS\=NO
    export ENABLE_CPLUSPLUS_BOUNDS_SAFE_BUFFERS\=NO
    export ENABLE_C_BOUNDS_SAFETY\=NO
    export ENABLE_DEBUG_DYLIB\=YES
    export ENABLE_DEFAULT_HEADER_SEARCH_PATHS\=YES
    export ENABLE_DEFAULT_SEARCH_PATHS\=YES
    export ENABLE_ENHANCED_SECURITY\=NO
    export ENABLE_HARDENED_RUNTIME\=NO
    export ENABLE_HEADER_DEPENDENCIES\=YES
    export ENABLE_INCOMING_NETWORK_CONNECTIONS\=NO
    export ENABLE_ON_DEMAND_RESOURCES\=YES
    export ENABLE_OUTGOING_NETWORK_CONNECTIONS\=NO
    export ENABLE_POINTER_AUTHENTICATION\=NO
    export ENABLE_PREVIEWS\=NO
    export ENABLE_RESOURCE_ACCESS_AUDIO_INPUT\=NO
    export ENABLE_RESOURCE_ACCESS_BLUETOOTH\=NO
    export ENABLE_RESOURCE_ACCESS_CALENDARS\=NO
    export ENABLE_RESOURCE_ACCESS_CAMERA\=NO
    export ENABLE_RESOURCE_ACCESS_CONTACTS\=NO
    export ENABLE_RESOURCE_ACCESS_LOCATION\=NO
    export ENABLE_RESOURCE_ACCESS_PHOTO_LIBRARY\=NO
    export ENABLE_RESOURCE_ACCESS_PRINTING\=NO
    export ENABLE_RESOURCE_ACCESS_USB\=NO
    export ENABLE_SDK_IMPORTS\=NO
    export ENABLE_SECURITY_COMPILER_WARNINGS\=NO
    export ENABLE_STRICT_OBJC_MSGSEND\=YES
    export ENABLE_TESTABILITY\=YES
    export ENABLE_TESTING_SEARCH_PATHS\=NO
    export ENABLE_USER_SCRIPT_SANDBOXING\=NO
    export ENABLE_XOJIT_PREVIEWS\=YES
    export ENFORCE_VALID_ARCHS\=YES
    export ENTITLEMENTS_ALLOWED\=NO
    export ENTITLEMENTS_DESTINATION\=__entitlements
    export ENTITLEMENTS_REQUIRED\=NO
    export EXCLUDED_ARCHS\=i386
    export EXCLUDED_INSTALLSRC_SUBDIRECTORY_PATTERNS\=.DS_Store\ .svn\ .git\ .hg\ CVS
    export EXCLUDED_RECURSIVE_SEARCH_PATH_SUBDIRECTORIES\=\*.nib\ \*.lproj\ \*.framework\ \*.gch\ \*.xcode\*\ \*.xcassets\ \*.icon\ \(\*\)\ .DS_Store\ CVS\ .svn\ .git\ .hg\ \*.pbproj\ \*.pbxproj
    export EXECUTABLES_FOLDER_PATH\=Runner.app/Executables
    export EXECUTABLE_BLANK_INJECTION_DYLIB_PATH\=Runner.app/__preview.dylib
    export EXECUTABLE_DEBUG_DYLIB_INSTALL_NAME\=@rpath/Runner.debug.dylib
    export EXECUTABLE_DEBUG_DYLIB_PATH\=Runner.app/Runner.debug.dylib
    export EXECUTABLE_FOLDER_PATH\=Runner.app
    export EXECUTABLE_FOLDER_PATH_SHALLOW_BUNDLE_NO\=Runner.app/MacOS
    export EXECUTABLE_FOLDER_PATH_SHALLOW_BUNDLE_YES\=Runner.app
    export EXECUTABLE_NAME\=Runner
    export EXECUTABLE_PATH\=Runner.app/Runner
    export EXPANDED_CODE_SIGN_IDENTITY\=-
    export EXPANDED_CODE_SIGN_IDENTITY_NAME\=Sign\ to\ Run\ Locally
    export EXTENSIONS_FOLDER_PATH\=Runner.app/Extensions
    export FILE_LIST\=/Users/wilmeralzate/Library/Developer/Xcode/DerivedData/Runner-euekkyiyeygqzlfvqhlkopdaztwz/Build/Intermediates.noindex/Runner.build/Debug-iphonesimulator/Runner.build/Objects/LinkFileList
    export FIXED_FILES_DIR\=/Users/wilmeralzate/Library/Developer/Xcode/DerivedData/Runner-euekkyiyeygqzlfvqhlkopdaztwz/Build/Intermediates.noindex/Runner.build/Debug-iphonesimulator/Runner.build/FixedFiles
    export FLUTTER_APPLICATION_PATH\=/Users/wilmeralzate/Documents/GitHub/HearthBit/app
    export FLUTTER_BUILD_DIR\=build
    export FLUTTER_BUILD_NAME\=1.0.0
    export FLUTTER_BUILD_NUMBER\=1
    export FLUTTER_FRAMEWORK_SWIFT_PACKAGE_PATH\=/Users/wilmeralzate/Documents/GitHub/HearthBit/app/ios/Flutter/ephemeral/Packages/.packages/FlutterFramework
    export FLUTTER_ROOT\=/Users/wilmeralzate/development/flutter
    export FLUTTER_TARGET\=/Users/wilmeralzate/Documents/GitHub/HearthBit/app/lib/main.dart
    export FRAMEWORKS_FOLDER_PATH\=Runner.app/Frameworks
    export FRAMEWORK_FLAG_PREFIX\=-framework
    export FRAMEWORK_SEARCH_PATHS\=/Users/wilmeralzate/Library/Developer/Xcode/DerivedData/Runner-euekkyiyeygqzlfvqhlkopdaztwz/Build/Products/Debug-iphonesimulator\ \ \"/Users/wilmeralzate/Library/Developer/Xcode/DerivedData/Runner-euekkyiyeygqzlfvqhlkopdaztwz/Build/Products/Debug-iphonesimulator/FMDB\"\ \"/Users/wilmeralzate/Library/Developer/Xcode/DerivedData/Runner-euekkyiyeygqzlfvqhlkopdaztwz/Build/Products/Debug-iphonesimulator/SQLCipher\"\ \"/Users/wilmeralzate/Library/Developer/Xcode/DerivedData/Runner-euekkyiyeygqzlfvqhlkopdaztwz/Build/Products/Debug-iphonesimulator/audioplayers_darwin\"\ \"/Users/wilmeralzate/Library/Developer/Xcode/DerivedData/Runner-euekkyiyeygqzlfvqhlkopdaztwz/Build/Products/Debug-iphonesimulator/connectivity_plus\"\ \"/Users/wilmeralzate/Library/Developer/Xcode/DerivedData/Runner-euekkyiyeygqzlfvqhlkopdaztwz/Build/Products/Debug-iphonesimulator/file_selector_ios\"\ \"/Users/wilmeralzate/Library/Developer/Xcode/DerivedData/Runner-euekkyiyeygqzlfvqhlkopdaztwz/Build/Products/Debug-iphonesimulator/flutter_compass\"\ \"/Users/wilmeralzate/Library/Developer/Xcode/DerivedData/Runner-euekkyiyeygqzlfvqhlkopdaztwz/Build/Products/Debug-iphonesimulator/flutter_secure_storage_darwin\"\ \"/Users/wilmeralzate/Library/Developer/Xcode/DerivedData/Runner-euekkyiyeygqzlfvqhlkopdaztwz/Build/Products/Debug-iphonesimulator/geolocator_apple\"\ \"/Users/wilmeralzate/Library/Developer/Xcode/DerivedData/Runner-euekkyiyeygqzlfvqhlkopdaztwz/Build/Products/Debug-iphonesimulator/mobile_scanner\"\ \"/Users/wilmeralzate/Library/Developer/Xcode/DerivedData/Runner-euekkyiyeygqzlfvqhlkopdaztwz/Build/Products/Debug-iphonesimulator/package_info_plus\"\ \"/Users/wilmeralzate/Library/Developer/Xcode/DerivedData/Runner-euekkyiyeygqzlfvqhlkopdaztwz/Build/Products/Debug-iphonesimulator/record_ios\"\ \"/Users/wilmeralzate/Library/Developer/Xcode/DerivedData/Runner-euekkyiyeygqzlfvqhlkopdaztwz/Build/Products/Debug-iphonesimulator/share_plus\"\ \"/Users/wilmeralzate/Library/Developer/Xcode/DerivedData/Runner-euekkyiyeygqzlfvqhlkopdaztwz/Build/Products/Debug-iphonesimulator/shared_preferences_foundation\"\ \"/Users/wilmeralzate/Library/Developer/Xcode/DerivedData/Runner-euekkyiyeygqzlfvqhlkopdaztwz/Build/Products/Debug-iphonesimulator/sqflite_sqlcipher\"\ \"/Users/wilmeralzate/Library/Developer/Xcode/DerivedData/Runner-euekkyiyeygqzlfvqhlkopdaztwz/Build/Products/Debug-iphonesimulator/url_launcher_ios\"
    export FRAMEWORK_VERSION\=A
    export FULL_PRODUCT_NAME\=Runner.app
    export FUSE_BUILD_PHASES\=YES
    export FUSE_BUILD_SCRIPT_PHASES\=NO
    export GCC3_VERSION\=3.3
    export GCC_C_LANGUAGE_STANDARD\=gnu99
    export GCC_DYNAMIC_NO_PIC\=NO
    export GCC_INLINES_ARE_PRIVATE_EXTERN\=YES
    export GCC_NO_COMMON_BLOCKS\=YES
    export GCC_OBJC_LEGACY_DISPATCH\=YES
    export GCC_OPTIMIZATION_LEVEL\=0
    export GCC_PFE_FILE_C_DIALECTS\=c\ objective-c\ c++\ objective-c++
    export GCC_PREPROCESSOR_DEFINITIONS\=DEBUG\=1\ \ COCOAPODS\=1\ SQLITE_HAS_CODEC\=1\ _SQLITE3_H_\=1\ _FTS5_H\=1\ _SQLITE3RTREE_H_\=1
    export GCC_SYMBOLS_PRIVATE_EXTERN\=NO
    export GCC_TREAT_WARNINGS_AS_ERRORS\=NO
    export GCC_VERSION\=com.apple.compilers.llvm.clang.1_0
    export GCC_VERSION_IDENTIFIER\=com_apple_compilers_llvm_clang_1_0
    export GCC_WARN_64_TO_32_BIT_CONVERSION\=YES
    export GCC_WARN_ABOUT_RETURN_TYPE\=YES_ERROR
    export GCC_WARN_UNDECLARED_SELECTOR\=YES
    export GCC_WARN_UNINITIALIZED_AUTOS\=YES_AGGRESSIVE
    export GCC_WARN_UNUSED_FUNCTION\=YES
    export GCC_WARN_UNUSED_VARIABLE\=YES
    export GENERATED_MODULEMAP_DIR\=/Users/wilmeralzate/Library/Developer/Xcode/DerivedData/Runner-euekkyiyeygqzlfvqhlkopdaztwz/Build/Intermediates.noindex/GeneratedModuleMaps-iphonesimulator
    export GENERATE_INFOPLIST_FILE\=NO
    export GENERATE_INTERMEDIATE_TEXT_BASED_STUBS\=YES
    export GENERATE_PKGINFO_FILE\=YES
    export GENERATE_PRELINK_OBJECT_FILE\=NO
    export GENERATE_PROFILING_CODE\=NO
    export GENERATE_TEXT_BASED_STUBS\=NO
    export GID\=20
    export GROUP\=staff
    export HEADERMAP_INCLUDES_FLAT_ENTRIES_FOR_TARGET_BEING_BUILT\=YES
    export HEADERMAP_INCLUDES_FRAMEWORK_ENTRIES_FOR_ALL_PRODUCT_TYPES\=YES
    export HEADERMAP_INCLUDES_FRAMEWORK_ENTRIES_FOR_TARGETS_NOT_BEING_BUILT\=YES
    export HEADERMAP_INCLUDES_NONPUBLIC_NONPRIVATE_HEADERS\=YES
    export HEADERMAP_INCLUDES_PROJECT_HEADERS\=YES
    export HEADERMAP_USES_FRAMEWORK_PREFIX_ENTRIES\=YES
    export HEADERMAP_USES_VFS\=NO
    export HEADER_SEARCH_PATHS\=/Users/wilmeralzate/Library/Developer/Xcode/DerivedData/Runner-euekkyiyeygqzlfvqhlkopdaztwz/Build/Products/Debug-iphonesimulator/include\ \ \"/Users/wilmeralzate/Library/Developer/Xcode/DerivedData/Runner-euekkyiyeygqzlfvqhlkopdaztwz/Build/Products/Debug-iphonesimulator/FMDB/FMDB.framework/Headers\"\ \"/Users/wilmeralzate/Library/Developer/Xcode/DerivedData/Runner-euekkyiyeygqzlfvqhlkopdaztwz/Build/Products/Debug-iphonesimulator/SQLCipher/SQLCipher.framework/Headers\"\ \"/Users/wilmeralzate/Library/Developer/Xcode/DerivedData/Runner-euekkyiyeygqzlfvqhlkopdaztwz/Build/Products/Debug-iphonesimulator/audioplayers_darwin/audioplayers_darwin.framework/Headers\"\ \"/Users/wilmeralzate/Library/Developer/Xcode/DerivedData/Runner-euekkyiyeygqzlfvqhlkopdaztwz/Build/Products/Debug-iphonesimulator/connectivity_plus/connectivity_plus.framework/Headers\"\ \"/Users/wilmeralzate/Library/Developer/Xcode/DerivedData/Runner-euekkyiyeygqzlfvqhlkopdaztwz/Build/Products/Debug-iphonesimulator/file_selector_ios/file_selector_ios.framework/Headers\"\ \"/Users/wilmeralzate/Library/Developer/Xcode/DerivedData/Runner-euekkyiyeygqzlfvqhlkopdaztwz/Build/Products/Debug-iphonesimulator/flutter_compass/flutter_compass.framework/Headers\"\ \"/Users/wilmeralzate/Library/Developer/Xcode/DerivedData/Runner-euekkyiyeygqzlfvqhlkopdaztwz/Build/Products/Debug-iphonesimulator/flutter_secure_storage_darwin/flutter_secure_storage_darwin.framework/Headers\"\ \"/Users/wilmeralzate/Library/Developer/Xcode/DerivedData/Runner-euekkyiyeygqzlfvqhlkopdaztwz/Build/Products/Debug-iphonesimulator/geolocator_apple/geolocator_apple.framework/Headers\"\ \"/Users/wilmeralzate/Library/Developer/Xcode/DerivedData/Runner-euekkyiyeygqzlfvqhlkopdaztwz/Build/Products/Debug-iphonesimulator/mobile_scanner/mobile_scanner.framework/Headers\"\ \"/Users/wilmeralzate/Library/Developer/Xcode/DerivedData/Runner-euekkyiyeygqzlfvqhlkopdaztwz/Build/Products/Debug-iphonesimulator/package_info_plus/package_info_plus.framework/Headers\"\ \"/Users/wilmeralzate/Library/Developer/Xcode/DerivedData/Runner-euekkyiyeygqzlfvqhlkopdaztwz/Build/Products/Debug-iphonesimulator/record_ios/record_ios.framework/Headers\"\ \"/Users/wilmeralzate/Library/Developer/Xcode/DerivedData/Runner-euekkyiyeygqzlfvqhlkopdaztwz/Build/Products/Debug-iphonesimulator/share_plus/share_plus.framework/Headers\"\ \"/Users/wilmeralzate/Library/Developer/Xcode/DerivedData/Runner-euekkyiyeygqzlfvqhlkopdaztwz/Build/Products/Debug-iphonesimulator/shared_preferences_foundation/shared_preferences_foundation.framework/Headers\"\ \"/Users/wilmeralzate/Library/Developer/Xcode/DerivedData/Runner-euekkyiyeygqzlfvqhlkopdaztwz/Build/Products/Debug-iphonesimulator/sqflite_sqlcipher/sqflite_sqlcipher.framework/Headers\"\ \"/Users/wilmeralzate/Library/Developer/Xcode/DerivedData/Runner-euekkyiyeygqzlfvqhlkopdaztwz/Build/Products/Debug-iphonesimulator/url_launcher_ios/url_launcher_ios.framework/Headers\"\ SQLCipher\ /Users/wilmeralzate/Documents/GitHub/HearthBit/app/ios/Pods/SQLCipher
    export HOME\=/Users/wilmeralzate
    export HOST_ARCH\=arm64
    export HOST_PLATFORM\=macosx
    export ICONV\=/usr/bin/iconv
    export IMPLICIT_DEPENDENCY_DOMAIN\=default
    export INDEX_STORE_COMPRESS\=NO
    export INDEX_STORE_ONLY_PROJECT_FILES\=NO
    export INFOPLIST_ENABLE_CFBUNDLEICONS_MERGE\=YES
    export INFOPLIST_EXPAND_BUILD_SETTINGS\=YES
    export INFOPLIST_FILE\=Runner/Info.plist
    export INFOPLIST_KEY_LSApplicationCategoryType\=public.app-category.utilities
    export INFOPLIST_OUTPUT_FORMAT\=binary
    export INFOPLIST_PATH\=Runner.app/Info.plist
    export INFOPLIST_PREPROCESS\=NO
    export INFOSTRINGS_PATH\=Runner.app/en.lproj/InfoPlist.strings
    export INLINE_PRIVATE_FRAMEWORKS\=NO
    export INSTALLAPI_IGNORE_SKIP_INSTALL\=YES
    export INSTALLHDRS_COPY_PHASE\=NO
    export INSTALLHDRS_SCRIPT_PHASE\=NO
    export INSTALL_DIR\=/tmp/Runner.dst/Applications
    export INSTALL_GROUP\=staff
    export INSTALL_MODE_FLAG\=u+w,go-w,a+rX
    export INSTALL_OWNER\=wilmeralzate
    export INSTALL_PATH\=/Applications
    export INSTALL_ROOT\=/tmp/Runner.dst
    export IPHONEOS_DEPLOYMENT_TARGET\=16.0
    export IS_UNOPTIMIZED_BUILD\=YES
    export JAVAC_DEFAULT_FLAGS\=-J-Xms64m\ -J-XX:NewSize\=4M\ -J-Dfile.encoding\=UTF8
    export JAVA_APP_STUB\=/System/Library/Frameworks/JavaVM.framework/Resources/MacOS/JavaApplicationStub
    export JAVA_ARCHIVE_CLASSES\=YES
    export JAVA_ARCHIVE_TYPE\=JAR
    export JAVA_COMPILER\=/usr/bin/javac
    export JAVA_FOLDER_PATH\=Runner.app/Java
    export JAVA_FRAMEWORK_RESOURCES_DIRS\=Resources
    export JAVA_JAR_FLAGS\=cv
    export JAVA_SOURCE_SUBDIR\=.
    export JAVA_USE_DEPENDENCIES\=YES
    export JAVA_ZIP_FLAGS\=-urg
    export JIKES_DEFAULT_FLAGS\=+E\ +OLDCSO
    export KEEP_PRIVATE_EXTERNS\=NO
    export LD_DEPENDENCY_INFO_FILE\=/Users/wilmeralzate/Library/Developer/Xcode/DerivedData/Runner-euekkyiyeygqzlfvqhlkopdaztwz/Build/Intermediates.noindex/Runner.build/Debug-iphonesimulator/Runner.build/Objects-normal/undefined_arch/Runner_dependency_info.dat
    export LD_ENTITLEMENTS_SECTION\=/Users/wilmeralzate/Library/Developer/Xcode/DerivedData/Runner-euekkyiyeygqzlfvqhlkopdaztwz/Build/Intermediates.noindex/Runner.build/Debug-iphonesimulator/Runner.build/Runner.app-Simulated.xcent
    export LD_ENTITLEMENTS_SECTION_DER\=/Users/wilmeralzate/Library/Developer/Xcode/DerivedData/Runner-euekkyiyeygqzlfvqhlkopdaztwz/Build/Intermediates.noindex/Runner.build/Debug-iphonesimulator/Runner.build/Runner.app-Simulated.xcent.der
    export LD_EXPORT_SYMBOLS\=YES
    export LD_GENERATE_MAP_FILE\=NO
    export LD_MAP_FILE_PATH\=/Users/wilmeralzate/Library/Developer/Xcode/DerivedData/Runner-euekkyiyeygqzlfvqhlkopdaztwz/Build/Intermediates.noindex/Runner.build/Debug-iphonesimulator/Runner.build/Runner-LinkMap-normal-undefined_arch.txt
    export LD_NO_PIE\=NO
    export LD_QUOTE_LINKER_ARGUMENTS_FOR_COMPILER_DRIVER\=YES
    export LD_RUNPATH_SEARCH_PATHS\=\ /usr/lib/swift\ \'@executable_path/Frameworks\'\ \'@loader_path/Frameworks\'\ @executable_path/Frameworks
    export LD_RUNPATH_SEARCH_PATHS_YES\=@loader_path/../Frameworks
    export LD_SHARED_CACHE_ELIGIBLE\=Automatic
    export LD_WARN_DUPLICATE_LIBRARIES\=NO
    export LD_WARN_UNUSED_DYLIBS\=NO
    export LEGACY_DEVELOPER_DIR\=/Applications/Xcode.app/Contents/PlugIns/Xcode3Core.ideplugin/Contents/SharedSupport/Developer
    export LEX\=lex
    export LIBRARY_DEXT_INSTALL_PATH\=/Library/DriverExtensions
    export LIBRARY_FLAG_NOSPACE\=YES
    export LIBRARY_FLAG_PREFIX\=-l
    export LIBRARY_KEXT_INSTALL_PATH\=/Library/Extensions
    export LIBRARY_SEARCH_PATHS\=/Users/wilmeralzate/Library/Developer/Xcode/DerivedData/Runner-euekkyiyeygqzlfvqhlkopdaztwz/Build/Products/Debug-iphonesimulator\ /Applications/Xcode.app/Contents/Developer/Toolchains/XcodeDefault.xctoolchain/usr/lib/swift/iphonesimulator\ /Applications/Xcode.app/Contents/Developer/Platforms/iPhoneSimulator.platform/Developer/SDKs/iPhoneSimulator26.5.sdk/usr/lib/swift\ /Applications/Xcode.app/Contents/Developer/Toolchains/XcodeDefault.xctoolchain/usr/lib/swift/iphonesimulator\ /Applications/Xcode.app/Contents/Developer/Platforms/iPhoneSimulator.platform/Developer/SDKs/iPhoneSimulator26.5.sdk/usr/lib/swift
    export LINKER_DISPLAYS_MANGLED_NAMES\=NO
    export LINK_FILE_LIST_normal_arm64\=/Users/wilmeralzate/Library/Developer/Xcode/DerivedData/Runner-euekkyiyeygqzlfvqhlkopdaztwz/Build/Intermediates.noindex/Runner.build/Debug-iphonesimulator/Runner.build/Objects-normal/arm64/Runner.LinkFileList
    export LINK_OBJC_RUNTIME\=YES
    export LINK_WITH_STANDARD_LIBRARIES\=YES
    export LLVM_TARGET_TRIPLE_OS_VERSION\=ios16.0
    export LLVM_TARGET_TRIPLE_SUFFIX\=-simulator
    export LLVM_TARGET_TRIPLE_VENDOR\=apple
    export LM_AUX_CONST_METADATA_LIST_PATH_normal_arm64\=/Users/wilmeralzate/Library/Developer/Xcode/DerivedData/Runner-euekkyiyeygqzlfvqhlkopdaztwz/Build/Intermediates.noindex/Runner.build/Debug-iphonesimulator/Runner.build/Objects-normal/arm64/Runner.SwiftConstValuesFileList
    export LOCALIZATION_EXPORT_SUPPORTED\=YES
    export LOCALIZATION_PREFERS_STRING_CATALOGS\=NO
    export LOCALIZED_RESOURCES_FOLDER_PATH\=Runner.app/en.lproj
    export LOCALIZED_STRING_CODE_COMMENTS\=NO
    export LOCALIZED_STRING_MACRO_NAMES\=NSLocalizedString\ CFCopyLocalizedString
    export LOCALIZED_STRING_SWIFTUI_SUPPORT\=YES
    export LOCAL_ADMIN_APPS_DIR\=/Applications/Utilities
    export LOCAL_APPS_DIR\=/Applications
    export LOCAL_DEVELOPER_DIR\=/Library/Developer
    export LOCAL_LIBRARY_DIR\=/Library
    export LOCROOT\=/Users/wilmeralzate/Documents/GitHub/HearthBit/app/ios
    export LOCSYMROOT\=/Users/wilmeralzate/Documents/GitHub/HearthBit/app/ios
    export MACH_O_TYPE\=mh_execute
    export MAC_OS_X_PRODUCT_BUILD_VERSION\=25G76
    export MAC_OS_X_VERSION_ACTUAL\=260601
    export MAC_OS_X_VERSION_MAJOR\=260000
    export MAC_OS_X_VERSION_MINOR\=260600
    export MAKE_MERGEABLE\=NO
    export MERGEABLE_LIBRARY\=NO
    export MERGED_BINARY_TYPE\=none
    export MERGE_LINKED_LIBRARIES\=NO
    export METAL_LIBRARY_FILE_BASE\=default
    export METAL_LIBRARY_OUTPUT_DIR\=/Users/wilmeralzate/Library/Developer/Xcode/DerivedData/Runner-euekkyiyeygqzlfvqhlkopdaztwz/Build/Products/Debug-iphonesimulator/Runner.app
    export MODULES_FOLDER_PATH\=Runner.app/Modules
    export MODULE_CACHE_DIR\=/Users/wilmeralzate/Library/Developer/Xcode/DerivedData/ModuleCache.noindex
    export MTL_ENABLE_DEBUG_INFO\=YES
    export NATIVE_ARCH\=arm64
    export NATIVE_ARCH_32_BIT\=arm
    export NATIVE_ARCH_64_BIT\=arm64
    export NATIVE_ARCH_ACTUAL\=arm64
    export NO_COMMON\=YES
    export OBJC_ABI_VERSION\=2
    export OBJECT_FILE_DIR\=/Users/wilmeralzate/Library/Developer/Xcode/DerivedData/Runner-euekkyiyeygqzlfvqhlkopdaztwz/Build/Intermediates.noindex/Runner.build/Debug-iphonesimulator/Runner.build/Objects
    export OBJECT_FILE_DIR_normal\=/Users/wilmeralzate/Library/Developer/Xcode/DerivedData/Runner-euekkyiyeygqzlfvqhlkopdaztwz/Build/Intermediates.noindex/Runner.build/Debug-iphonesimulator/Runner.build/Objects-normal
    export OBJROOT\=/Users/wilmeralzate/Library/Developer/Xcode/DerivedData/Runner-euekkyiyeygqzlfvqhlkopdaztwz/Build/Intermediates.noindex
    export ONLY_ACTIVE_ARCH\=YES
    export OS\=MACOS
    export OSAC\=/usr/bin/osacompile
    export OTHER_CFLAGS\=\ -DSQLITE_HAS_CODEC\ -DHAVE_USLEEP\=1\ -DSQLCIPHER_CRYPTO\ \ -DSQLITE_HAS_CODEC\ -DSQLITE_TEMP_STORE\=2\ -DSQLITE_SOUNDEX\ -DSQLITE_THREADSAFE\ -DSQLITE_ENABLE_RTREE\ -DSQLITE_ENABLE_STAT3\ -DSQLITE_ENABLE_STAT4\ -DSQLITE_ENABLE_COLUMN_METADATA\ -DSQLITE_ENABLE_MEMORY_MANAGEMENT\ -DSQLITE_ENABLE_LOAD_EXTENSION\ -DSQLITE_ENABLE_FTS4\ -DSQLITE_ENABLE_FTS4_UNICODE61\ -DSQLITE_ENABLE_FTS3_PARENTHESIS\ -DSQLITE_ENABLE_UNLOCK_NOTIFY\ -DSQLITE_ENABLE_JSON1\ -DSQLITE_ENABLE_FTS5\ -DSQLCIPHER_CRYPTO_CC\ -DHAVE_USLEEP\=1\ -DSQLITE_MAX_VARIABLE_NUMBER\=99999\ -DSQLITE_EXTRA_INIT\=sqlcipher_extra_init\ -DSQLITE_EXTRA_SHUTDOWN\=sqlcipher_extra_shutdown
    export OTHER_CPLUSPLUSFLAGS\=\ -DSQLITE_HAS_CODEC\ -DHAVE_USLEEP\=1\ -DSQLCIPHER_CRYPTO\ \ -DSQLITE_HAS_CODEC\ -DSQLITE_TEMP_STORE\=2\ -DSQLITE_SOUNDEX\ -DSQLITE_THREADSAFE\ -DSQLITE_ENABLE_RTREE\ -DSQLITE_ENABLE_STAT3\ -DSQLITE_ENABLE_STAT4\ -DSQLITE_ENABLE_COLUMN_METADATA\ -DSQLITE_ENABLE_MEMORY_MANAGEMENT\ -DSQLITE_ENABLE_LOAD_EXTENSION\ -DSQLITE_ENABLE_FTS4\ -DSQLITE_ENABLE_FTS4_UNICODE61\ -DSQLITE_ENABLE_FTS3_PARENTHESIS\ -DSQLITE_ENABLE_UNLOCK_NOTIFY\ -DSQLITE_ENABLE_JSON1\ -DSQLITE_ENABLE_FTS5\ -DSQLCIPHER_CRYPTO_CC\ -DHAVE_USLEEP\=1\ -DSQLITE_MAX_VARIABLE_NUMBER\=99999\ -DSQLITE_EXTRA_INIT\=sqlcipher_extra_init\ -DSQLITE_EXTRA_SHUTDOWN\=sqlcipher_extra_shutdown
    export OTHER_LDFLAGS\=\ -framework\ \"FMDB\"\ -framework\ \"Foundation\"\ -framework\ \"SQLCipher\"\ -framework\ \"Security\"\ -framework\ \"audioplayers_darwin\"\ -framework\ \"connectivity_plus\"\ -framework\ \"file_selector_ios\"\ -framework\ \"flutter_compass\"\ -framework\ \"flutter_secure_storage_darwin\"\ -framework\ \"geolocator_apple\"\ -framework\ \"mobile_scanner\"\ -framework\ \"package_info_plus\"\ -framework\ \"record_ios\"\ -framework\ \"share_plus\"\ -framework\ \"shared_preferences_foundation\"\ -framework\ \"sqflite_sqlcipher\"\ -framework\ \"url_launcher_ios\"\ -weak_framework\ \"LinkPresentation\"
    export OTHER_MODULE_VERIFIER_FLAGS\=\ \"-F/Users/wilmeralzate/Library/Developer/Xcode/DerivedData/Runner-euekkyiyeygqzlfvqhlkopdaztwz/Build/Products/Debug-iphonesimulator/FMDB\"\ \"-F/Users/wilmeralzate/Library/Developer/Xcode/DerivedData/Runner-euekkyiyeygqzlfvqhlkopdaztwz/Build/Products/Debug-iphonesimulator/Flutter\"\ \"-F/Users/wilmeralzate/Library/Developer/Xcode/DerivedData/Runner-euekkyiyeygqzlfvqhlkopdaztwz/Build/Products/Debug-iphonesimulator/SQLCipher\"\ \"-F/Users/wilmeralzate/Library/Developer/Xcode/DerivedData/Runner-euekkyiyeygqzlfvqhlkopdaztwz/Build/Products/Debug-iphonesimulator/audioplayers_darwin\"\ \"-F/Users/wilmeralzate/Library/Developer/Xcode/DerivedData/Runner-euekkyiyeygqzlfvqhlkopdaztwz/Build/Products/Debug-iphonesimulator/connectivity_plus\"\ \"-F/Users/wilmeralzate/Library/Developer/Xcode/DerivedData/Runner-euekkyiyeygqzlfvqhlkopdaztwz/Build/Products/Debug-iphonesimulator/file_selector_ios\"\ \"-F/Users/wilmeralzate/Library/Developer/Xcode/DerivedData/Runner-euekkyiyeygqzlfvqhlkopdaztwz/Build/Products/Debug-iphonesimulator/flutter_compass\"\ \"-F/Users/wilmeralzate/Library/Developer/Xcode/DerivedData/Runner-euekkyiyeygqzlfvqhlkopdaztwz/Build/Products/Debug-iphonesimulator/flutter_secure_storage_darwin\"\ \"-F/Users/wilmeralzate/Library/Developer/Xcode/DerivedData/Runner-euekkyiyeygqzlfvqhlkopdaztwz/Build/Products/Debug-iphonesimulator/geolocator_apple\"\ \"-F/Users/wilmeralzate/Library/Developer/Xcode/DerivedData/Runner-euekkyiyeygqzlfvqhlkopdaztwz/Build/Products/Debug-iphonesimulator/mobile_scanner\"\ \"-F/Users/wilmeralzate/Library/Developer/Xcode/DerivedData/Runner-euekkyiyeygqzlfvqhlkopdaztwz/Build/Products/Debug-iphonesimulator/package_info_plus\"\ \"-F/Users/wilmeralzate/Library/Developer/Xcode/DerivedData/Runner-euekkyiyeygqzlfvqhlkopdaztwz/Build/Products/Debug-iphonesimulator/record_ios\"\ \"-F/Users/wilmeralzate/Library/Developer/Xcode/DerivedData/Runner-euekkyiyeygqzlfvqhlkopdaztwz/Build/Products/Debug-iphonesimulator/share_plus\"\ \"-F/Users/wilmeralzate/Library/Developer/Xcode/DerivedData/Runner-euekkyiyeygqzlfvqhlkopdaztwz/Build/Products/Debug-iphonesimulator/shared_preferences_foundation\"\ \"-F/Users/wilmeralzate/Library/Developer/Xcode/DerivedData/Runner-euekkyiyeygqzlfvqhlkopdaztwz/Build/Products/Debug-iphonesimulator/sqflite_sqlcipher\"\ \"-F/Users/wilmeralzate/Library/Developer/Xcode/DerivedData/Runner-euekkyiyeygqzlfvqhlkopdaztwz/Build/Products/Debug-iphonesimulator/url_launcher_ios\"
    export OTHER_SWIFT_FLAGS\=\ -D\ COCOAPODS
    export PACKAGE_CONFIG\=/Users/wilmeralzate/Documents/GitHub/HearthBit/app/.dart_tool/package_config.json
    export PACKAGE_TYPE\=com.apple.package-type.wrapper.application
    export PASCAL_STRINGS\=YES
    export PATH\=/Applications/Xcode.app/Contents/SharedFrameworks/SwiftBuild.framework/Versions/A/PlugIns/SWBBuildService.bundle/Contents/PlugIns/SWBUniversalPlatformPlugin.bundle/Contents/Frameworks/SWBUniversalPlatform.framework/Resources:/Applications/Xcode.app/Contents/Developer/Toolchains/XcodeDefault.xctoolchain/usr/bin:/Applications/Xcode.app/Contents/Developer/Toolchains/XcodeDefault.xctoolchain/usr/local/bin:/Applications/Xcode.app/Contents/Developer/Toolchains/XcodeDefault.xctoolchain/usr/libexec:/Applications/Xcode.app/Contents/Developer/Platforms/iPhoneSimulator.platform/usr/bin:/Applications/Xcode.app/Contents/Developer/Platforms/iPhoneSimulator.platform/usr/local/bin:/Applications/Xcode.app/Contents/Developer/Platforms/iPhoneSimulator.platform/Developer/usr/bin:/Applications/Xcode.app/Contents/Developer/Platforms/iPhoneSimulator.platform/Developer/usr/local/bin:/Applications/Xcode.app/Contents/Developer/usr/bin:/Applications/Xcode.app/Contents/Developer/usr/local/bin:/Users/wilmeralzate/development/flutter/bin:/Users/wilmeralzate/flutter/bin:/Users/wilmeralzate/.local/bin:/Users/wilmeralzate/.local/share/mise/installs/ruby/3.3.12/bin:/usr/local/bin:/System/Cryptexes/App/usr/bin:/usr/bin:/bin:/usr/sbin:/sbin:/var/run/com.apple.security.cryptexd/codex.system/bootstrap/usr/local/bin:/var/run/com.apple.security.cryptexd/codex.system/bootstrap/usr/bin:/var/run/com.apple.security.cryptexd/codex.system/bootstrap/usr/appleinternal/bin:/pkg/env/global/bin:/Library/Apple/usr/bin:/Applications/Cursor.app/Contents/Resources/app/node_modules/@vscode/ripgrep/bin
    export PATH_PREFIXES_EXCLUDED_FROM_HEADER_DEPENDENCIES\=/usr/include\ /usr/local/include\ /System/Library/Frameworks\ /System/Library/PrivateFrameworks\ /Applications/Xcode.app/Contents/Developer/Headers\ /Applications/Xcode.app/Contents/Developer/SDKs\ /Applications/Xcode.app/Contents/Developer/Platforms
    export PBDEVELOPMENTPLIST_PATH\=Runner.app/pbdevelopment.plist
    export PER_ARCH_MODULE_FILE_DIR\=/Users/wilmeralzate/Library/Developer/Xcode/DerivedData/Runner-euekkyiyeygqzlfvqhlkopdaztwz/Build/Intermediates.noindex/Runner.build/Debug-iphonesimulator/Runner.build/Objects-normal/undefined_arch
    export PER_ARCH_OBJECT_FILE_DIR\=/Users/wilmeralzate/Library/Developer/Xcode/DerivedData/Runner-euekkyiyeygqzlfvqhlkopdaztwz/Build/Intermediates.noindex/Runner.build/Debug-iphonesimulator/Runner.build/Objects-normal/undefined_arch
    export PER_VARIANT_OBJECT_FILE_DIR\=/Users/wilmeralzate/Library/Developer/Xcode/DerivedData/Runner-euekkyiyeygqzlfvqhlkopdaztwz/Build/Intermediates.noindex/Runner.build/Debug-iphonesimulator/Runner.build/Objects-normal
    export PKGINFO_FILE_PATH\=/Users/wilmeralzate/Library/Developer/Xcode/DerivedData/Runner-euekkyiyeygqzlfvqhlkopdaztwz/Build/Intermediates.noindex/Runner.build/Debug-iphonesimulator/Runner.build/PkgInfo
    export PKGINFO_PATH\=Runner.app/PkgInfo
    export PLATFORM_DEVELOPER_APPLICATIONS_DIR\=/Applications/Xcode.app/Contents/Developer/Platforms/iPhoneSimulator.platform/Developer/Applications
    export PLATFORM_DEVELOPER_BIN_DIR\=/Applications/Xcode.app/Contents/Developer/Platforms/iPhoneSimulator.platform/Developer/usr/bin
    export PLATFORM_DEVELOPER_LIBRARY_DIR\=/Applications/Xcode.app/Contents/Developer/Platforms/iPhoneSimulator.platform/Developer/Library
    export PLATFORM_DEVELOPER_SDK_DIR\=/Applications/Xcode.app/Contents/Developer/Platforms/iPhoneSimulator.platform/Developer/SDKs
    export PLATFORM_DEVELOPER_TOOLS_DIR\=/Applications/Xcode.app/Contents/Developer/Platforms/iPhoneSimulator.platform/Developer/Tools
    export PLATFORM_DEVELOPER_USR_DIR\=/Applications/Xcode.app/Contents/Developer/Platforms/iPhoneSimulator.platform/Developer/usr
    export PLATFORM_DIR\=/Applications/Xcode.app/Contents/Developer/Platforms/iPhoneSimulator.platform
    export PLATFORM_DISPLAY_NAME\=iOS\ Simulator
    export PLATFORM_FAMILY_NAME\=iOS
    export PLATFORM_NAME\=iphonesimulator
    export PLATFORM_PREFERRED_ARCH\=x86_64
    export PLATFORM_PRODUCT_BUILD_VERSION\=23F81a
    export PLATFORM_REQUIRES_SWIFT_AUTOLINK_EXTRACT\=NO
    export PLATFORM_REQUIRES_SWIFT_MODULEWRAP\=NO
    export PLATFORM_USES_DSYMS\=YES
    export PLIST_FILE_OUTPUT_FORMAT\=binary
    export PLUGINS_FOLDER_PATH\=Runner.app/PlugIns
    export PODS_BUILD_DIR\=/Users/wilmeralzate/Library/Developer/Xcode/DerivedData/Runner-euekkyiyeygqzlfvqhlkopdaztwz/Build/Products
    export PODS_CONFIGURATION_BUILD_DIR\=/Users/wilmeralzate/Library/Developer/Xcode/DerivedData/Runner-euekkyiyeygqzlfvqhlkopdaztwz/Build/Products/Debug-iphonesimulator
    export PODS_PODFILE_DIR_PATH\=/Users/wilmeralzate/Documents/GitHub/HearthBit/app/ios/.
    export PODS_ROOT\=/Users/wilmeralzate/Documents/GitHub/HearthBit/app/ios/Pods
    export PODS_XCFRAMEWORKS_BUILD_DIR\=/Users/wilmeralzate/Library/Developer/Xcode/DerivedData/Runner-euekkyiyeygqzlfvqhlkopdaztwz/Build/Products/Debug-iphonesimulator/XCFrameworkIntermediates
    export PRECOMPS_INCLUDE_HEADERS_FROM_BUILT_PRODUCTS_DIR\=YES
    export PRECOMP_DESTINATION_DIR\=/Users/wilmeralzate/Library/Developer/Xcode/DerivedData/Runner-euekkyiyeygqzlfvqhlkopdaztwz/Build/Intermediates.noindex/Runner.build/Debug-iphonesimulator/Runner.build/PrefixHeaders
    export PRIVATE_HEADERS_FOLDER_PATH\=Runner.app/PrivateHeaders
    export PROCESSED_INFOPLIST_PATH\=/Users/wilmeralzate/Library/Developer/Xcode/DerivedData/Runner-euekkyiyeygqzlfvqhlkopdaztwz/Build/Intermediates.noindex/Runner.build/Debug-iphonesimulator/Runner.build/Objects-normal/undefined_arch/Processed-Info.plist
    export PRODUCT_BUNDLE_IDENTIFIER\=com.hearthbit.app
    export PRODUCT_BUNDLE_PACKAGE_TYPE\=APPL
    export PRODUCT_MODULE_NAME\=Runner
    export PRODUCT_NAME\=Runner
    export PRODUCT_SETTINGS_PATH\=/Users/wilmeralzate/Documents/GitHub/HearthBit/app/ios/Runner/Info.plist
    export PRODUCT_TYPE\=com.apple.product-type.application
    export PROFILING_CODE\=NO
    export PROJECT\=Runner
    export PROJECT_DERIVED_FILE_DIR\=/Users/wilmeralzate/Library/Developer/Xcode/DerivedData/Runner-euekkyiyeygqzlfvqhlkopdaztwz/Build/Intermediates.noindex/Runner.build/DerivedSources
    export PROJECT_DIR\=/Users/wilmeralzate/Documents/GitHub/HearthBit/app/ios
    export PROJECT_FILE_PATH\=/Users/wilmeralzate/Documents/GitHub/HearthBit/app/ios/Runner.xcodeproj
    export PROJECT_GUID\=18c1723432283e0cc55f10a6dcfd9e02
    export PROJECT_NAME\=Runner
    export PROJECT_TEMP_DIR\=/Users/wilmeralzate/Library/Developer/Xcode/DerivedData/Runner-euekkyiyeygqzlfvqhlkopdaztwz/Build/Intermediates.noindex/Runner.build
    export PROJECT_TEMP_ROOT\=/Users/wilmeralzate/Library/Developer/Xcode/DerivedData/Runner-euekkyiyeygqzlfvqhlkopdaztwz/Build/Intermediates.noindex
    export PROVISIONING_PROFILE_REQUIRED\=NO
    export PROVISIONING_PROFILE_REQUIRED_YES_YES\=YES
    export PROVISIONING_PROFILE_SUPPORTED\=YES
    export PUBLIC_HEADERS_FOLDER_PATH\=Runner.app/Headers
    export RECOMMENDED_IPHONEOS_DEPLOYMENT_TARGET\=15.0
    export RECURSIVE_SEARCH_PATHS_FOLLOW_SYMLINKS\=YES
    export REMOVE_CVS_FROM_RESOURCES\=YES
    export REMOVE_GIT_FROM_RESOURCES\=YES
    export REMOVE_HEADERS_FROM_EMBEDDED_BUNDLES\=YES
    export REMOVE_HG_FROM_RESOURCES\=YES
    export REMOVE_STATIC_EXECUTABLES_FROM_EMBEDDED_BUNDLES\=YES
    export REMOVE_SVN_FROM_RESOURCES\=YES
    export RESCHEDULE_INDEPENDENT_HEADERS_PHASES\=YES
    export REZ_COLLECTOR_DIR\=/Users/wilmeralzate/Library/Developer/Xcode/DerivedData/Runner-euekkyiyeygqzlfvqhlkopdaztwz/Build/Intermediates.noindex/Runner.build/Debug-iphonesimulator/Runner.build/ResourceManagerResources
    export REZ_OBJECTS_DIR\=/Users/wilmeralzate/Library/Developer/Xcode/DerivedData/Runner-euekkyiyeygqzlfvqhlkopdaztwz/Build/Intermediates.noindex/Runner.build/Debug-iphonesimulator/Runner.build/ResourceManagerResources/Objects
    export REZ_SEARCH_PATHS\=/Users/wilmeralzate/Library/Developer/Xcode/DerivedData/Runner-euekkyiyeygqzlfvqhlkopdaztwz/Build/Products/Debug-iphonesimulator\ 
    export RPATH_ORIGIN\=@loader_path
    export RUNTIME_EXCEPTION_ALLOW_DYLD_ENVIRONMENT_VARIABLES\=NO
    export RUNTIME_EXCEPTION_ALLOW_JIT\=NO
    export RUNTIME_EXCEPTION_ALLOW_UNSIGNED_EXECUTABLE_MEMORY\=NO
    export RUNTIME_EXCEPTION_DEBUGGING_TOOL\=NO
    export RUNTIME_EXCEPTION_DISABLE_EXECUTABLE_PAGE_PROTECTION\=NO
    export RUNTIME_EXCEPTION_DISABLE_LIBRARY_VALIDATION\=NO
    export SCANNING_PCM_KEEP_CACHE_DIRECTORY\=YES
    export SCAN_ALL_SOURCE_FILES_FOR_INCLUDES\=NO
    export SCRIPTS_FOLDER_PATH\=Runner.app/Scripts
    export SCRIPT_INPUT_FILE_COUNT\=0
    export SCRIPT_INPUT_FILE_LIST_COUNT\=0
    export SCRIPT_OUTPUT_FILE_COUNT\=0
    export SCRIPT_OUTPUT_FILE_LIST_COUNT\=0
    export SDKROOT\=/Applications/Xcode.app/Contents/Developer/Platforms/iPhoneSimulator.platform/Developer/SDKs/iPhoneSimulator26.5.sdk
    export SDK_DIR\=/Applications/Xcode.app/Contents/Developer/Platforms/iPhoneSimulator.platform/Developer/SDKs/iPhoneSimulator26.5.sdk
    export SDK_DIR_iphonesimulator\=/Applications/Xcode.app/Contents/Developer/Platforms/iPhoneSimulator.platform/Developer/SDKs/iPhoneSimulator26.5.sdk
    export SDK_DIR_iphonesimulator26_5\=/Applications/Xcode.app/Contents/Developer/Platforms/iPhoneSimulator.platform/Developer/SDKs/iPhoneSimulator26.5.sdk
    export SDK_NAME\=iphonesimulator26.5
    export SDK_NAMES\=iphonesimulator26.5
    export SDK_PRODUCT_BUILD_VERSION\=23F81a
    export SDK_STAT_CACHE_DIR\=/Users/wilmeralzate/Library/Developer/Xcode/DerivedData
    export SDK_STAT_CACHE_ENABLE\=YES
    export SDK_STAT_CACHE_PATH\=/Users/wilmeralzate/Library/Developer/Xcode/DerivedData/SDKStatCaches.noindex/iphonesimulator26.5-23F81a-6cfe768891a92b912361537c460fe42b.sdkstatcache
    export SDK_VERSION\=26.5
    export SDK_VERSION_ACTUAL\=260500
    export SDK_VERSION_MAJOR\=260000
    export SDK_VERSION_MINOR\=260500
    export SED\=/usr/bin/sed
    export SEPARATE_STRIP\=NO
    export SEPARATE_SYMBOL_EDIT\=NO
    export SET_DIR_MODE_OWNER_GROUP\=YES
    export SET_FILE_MODE_OWNER_GROUP\=NO
    export SHALLOW_BUNDLE\=YES
    export SHALLOW_BUNDLE_TRIPLE\=ios-simulator
    export SHALLOW_BUNDLE_ios_macabi\=NO
    export SHALLOW_BUNDLE_macos\=NO
    export SHARED_DERIVED_FILE_DIR\=/Users/wilmeralzate/Library/Developer/Xcode/DerivedData/Runner-euekkyiyeygqzlfvqhlkopdaztwz/Build/Products/Debug-iphonesimulator/DerivedSources
    export SHARED_FRAMEWORKS_FOLDER_PATH\=Runner.app/SharedFrameworks
    export SHARED_PRECOMPS_DIR\=/Users/wilmeralzate/Library/Developer/Xcode/DerivedData/Runner-euekkyiyeygqzlfvqhlkopdaztwz/Build/Intermediates.noindex/PrecompiledHeaders
    export SHARED_SUPPORT_FOLDER_PATH\=Runner.app/SharedSupport
    export SKIP_INSTALL\=NO
    export SKIP_MERGEABLE_LIBRARY_BUNDLE_HOOK\=NO
    export SOURCE_ROOT\=/Users/wilmeralzate/Documents/GitHub/HearthBit/app/ios
    export SRCROOT\=/Users/wilmeralzate/Documents/GitHub/HearthBit/app/ios
    export STRINGSDATA_DIR\=/Users/wilmeralzate/Library/Developer/Xcode/DerivedData/Runner-euekkyiyeygqzlfvqhlkopdaztwz/Build/Intermediates.noindex/Runner.build/Debug-iphonesimulator/Runner.build/Objects-normal/undefined_arch
    export STRINGSDATA_ROOT\=/Users/wilmeralzate/Library/Developer/Xcode/DerivedData/Runner-euekkyiyeygqzlfvqhlkopdaztwz/Build/Intermediates.noindex/Runner.build/Debug-iphonesimulator/Runner.build
    export STRINGS_FILE_INFOPLIST_RENAME\=YES
    export STRINGS_FILE_OUTPUT_ENCODING\=binary
    export STRING_CATALOG_GENERATE_SYMBOLS\=NO
    export STRIP_BITCODE_FROM_COPIED_FILES\=NO
    export STRIP_INSTALLED_PRODUCT\=NO
    export STRIP_STYLE\=all
    export STRIP_SWIFT_SYMBOLS\=YES
    export SUPPORTED_DEVICE_FAMILIES\=1,2
    export SUPPORTED_PLATFORMS\=iphoneos\ iphonesimulator
    export SUPPORTS_MACCATALYST\=NO
    export SUPPORTS_ON_DEMAND_RESOURCES\=YES
    export SUPPORTS_TEXT_BASED_API\=NO
    export SUPPRESS_WARNINGS\=NO
    export SWIFT_EMIT_CONST_VALUE_PROTOCOLS\=AnyResolverProviding\ AppEntity\ AppEnum\ AppExtension\ AppIntent\ AppIntentsPackage\ AppShortcutProviding\ AppShortcutsProvider\ AppUnionValue\ AppUnionValueCasesProviding\ DynamicOptionsProvider\ EntityQuery\ ExtensionPointDefining\ IntentValueQuery\ Resolver\ TransientEntity\ _AssistantIntentsProvider\ _GenerativeFunctionExtractable\ _IntentValueRepresentable
    export SWIFT_EMIT_LOC_STRINGS\=NO
    export SWIFT_ENABLE_EXPLICIT_MODULES\=YES
    export SWIFT_OBJC_BRIDGING_HEADER\=Runner/Runner-Bridging-Header.h
    export SWIFT_OPTIMIZATION_LEVEL\=-Onone
    export SWIFT_PLATFORM_TARGET_PREFIX\=ios
    export SWIFT_RESPONSE_FILE_PATH_normal_arm64\=/Users/wilmeralzate/Library/Developer/Xcode/DerivedData/Runner-euekkyiyeygqzlfvqhlkopdaztwz/Build/Intermediates.noindex/Runner.build/Debug-iphonesimulator/Runner.build/Objects-normal/arm64/Runner.SwiftFileList
    export SWIFT_VERSION\=5.0
    export SYMROOT\=/Users/wilmeralzate/Library/Developer/Xcode/DerivedData/Runner-euekkyiyeygqzlfvqhlkopdaztwz/Build/Products
    export SYSTEM_ADMIN_APPS_DIR\=/Applications/Utilities
    export SYSTEM_APPS_DIR\=/Applications
    export SYSTEM_CORE_SERVICES_DIR\=/System/Library/CoreServices
    export SYSTEM_DEMOS_DIR\=/Applications/Extras
    export SYSTEM_DEVELOPER_APPS_DIR\=/Applications/Xcode.app/Contents/Developer/Applications
    export SYSTEM_DEVELOPER_BIN_DIR\=/Applications/Xcode.app/Contents/Developer/usr/bin
    export SYSTEM_DEVELOPER_DEMOS_DIR\=/Applications/Xcode.app/Contents/Developer/Applications/Utilities/Built\ Examples
    export SYSTEM_DEVELOPER_DIR\=/Applications/Xcode.app/Contents/Developer
    export SYSTEM_DEVELOPER_DOC_DIR\=/Applications/Xcode.app/Contents/Developer/ADC\ Reference\ Library
    export SYSTEM_DEVELOPER_GRAPHICS_TOOLS_DIR\=/Applications/Xcode.app/Contents/Developer/Applications/Graphics\ Tools
    export SYSTEM_DEVELOPER_JAVA_TOOLS_DIR\=/Applications/Xcode.app/Contents/Developer/Applications/Java\ Tools
    export SYSTEM_DEVELOPER_PERFORMANCE_TOOLS_DIR\=/Applications/Xcode.app/Contents/Developer/Applications/Performance\ Tools
    export SYSTEM_DEVELOPER_RELEASENOTES_DIR\=/Applications/Xcode.app/Contents/Developer/ADC\ Reference\ Library/releasenotes
    export SYSTEM_DEVELOPER_TOOLS\=/Applications/Xcode.app/Contents/Developer/Tools
    export SYSTEM_DEVELOPER_TOOLS_DOC_DIR\=/Applications/Xcode.app/Contents/Developer/ADC\ Reference\ Library/documentation/DeveloperTools
    export SYSTEM_DEVELOPER_TOOLS_RELEASENOTES_DIR\=/Applications/Xcode.app/Contents/Developer/ADC\ Reference\ Library/releasenotes/DeveloperTools
    export SYSTEM_DEVELOPER_USR_DIR\=/Applications/Xcode.app/Contents/Developer/usr
    export SYSTEM_DEVELOPER_UTILITIES_DIR\=/Applications/Xcode.app/Contents/Developer/Applications/Utilities
    export SYSTEM_DEXT_INSTALL_PATH\=/System/Library/DriverExtensions
    export SYSTEM_DOCUMENTATION_DIR\=/Library/Documentation
    export SYSTEM_EXTENSIONS_FOLDER_PATH\=Runner.app/SystemExtensions
    export SYSTEM_EXTENSIONS_FOLDER_PATH_SHALLOW_BUNDLE_NO\=Runner.app/Library/SystemExtensions
    export SYSTEM_EXTENSIONS_FOLDER_PATH_SHALLOW_BUNDLE_YES\=Runner.app/SystemExtensions
    export SYSTEM_KEXT_INSTALL_PATH\=/System/Library/Extensions
    export SYSTEM_LIBRARY_DIR\=/System/Library
    export TAPI_DEMANGLE\=YES
    export TAPI_ENABLE_PROJECT_HEADERS\=NO
    export TAPI_LANGUAGE\=objective-c
    export TAPI_LANGUAGE_STANDARD\=compiler-default
    export TAPI_USE_SRCROOT\=YES
    export TAPI_VERIFY_MODE\=Pedantic
    export TARGETED_DEVICE_FAMILY\=1,2
    export TARGETNAME\=Runner
    export TARGET_BUILD_DIR\=/Users/wilmeralzate/Library/Developer/Xcode/DerivedData/Runner-euekkyiyeygqzlfvqhlkopdaztwz/Build/Products/Debug-iphonesimulator
    export TARGET_DEVICE_IDENTIFIER\=894F1685-0AC2-44A3-9BAA-BC0D1EA5E7F1
    export TARGET_DEVICE_MODEL\=iPhone18,1
    export TARGET_DEVICE_OS_VERSION\=26.5
    export TARGET_DEVICE_PLATFORM_NAME\=iphonesimulator
    export TARGET_NAME\=Runner
    export TARGET_TEMP_DIR\=/Users/wilmeralzate/Library/Developer/Xcode/DerivedData/Runner-euekkyiyeygqzlfvqhlkopdaztwz/Build/Intermediates.noindex/Runner.build/Debug-iphonesimulator/Runner.build
    export TEMP_DIR\=/Users/wilmeralzate/Library/Developer/Xcode/DerivedData/Runner-euekkyiyeygqzlfvqhlkopdaztwz/Build/Intermediates.noindex/Runner.build/Debug-iphonesimulator/Runner.build
    export TEMP_FILES_DIR\=/Users/wilmeralzate/Library/Developer/Xcode/DerivedData/Runner-euekkyiyeygqzlfvqhlkopdaztwz/Build/Intermediates.noindex/Runner.build/Debug-iphonesimulator/Runner.build
    export TEMP_FILE_DIR\=/Users/wilmeralzate/Library/Developer/Xcode/DerivedData/Runner-euekkyiyeygqzlfvqhlkopdaztwz/Build/Intermediates.noindex/Runner.build/Debug-iphonesimulator/Runner.build
    export TEMP_ROOT\=/Users/wilmeralzate/Library/Developer/Xcode/DerivedData/Runner-euekkyiyeygqzlfvqhlkopdaztwz/Build/Intermediates.noindex
    export TEMP_SANDBOX_DIR\=/Users/wilmeralzate/Library/Developer/Xcode/DerivedData/Runner-euekkyiyeygqzlfvqhlkopdaztwz/Build/Intermediates.noindex/TemporaryTaskSandboxes
    export TEST_FRAMEWORK_SEARCH_PATHS\=\ /Applications/Xcode.app/Contents/Developer/Platforms/iPhoneSimulator.platform/Developer/Library/Frameworks\ /Applications/Xcode.app/Contents/Developer/Platforms/iPhoneSimulator.platform/Developer/SDKs/iPhoneSimulator26.5.sdk/Developer/Library/Frameworks
    export TEST_LIBRARY_SEARCH_PATHS\=\ /Applications/Xcode.app/Contents/Developer/Platforms/iPhoneSimulator.platform/Developer/usr/lib
    export TOOLCHAINS\=com.apple.dt.toolchain.XcodeDefault
    export TOOLCHAIN_DIR\=/Applications/Xcode.app/Contents/Developer/Toolchains/XcodeDefault.xctoolchain
    export TRACK_WIDGET_CREATION\=true
    export TREAT_MISSING_BASELINES_AS_TEST_FAILURES\=NO
    export TREAT_MISSING_SCRIPT_PHASE_OUTPUTS_AS_ERRORS\=NO
    export TREE_SHAKE_ICONS\=false
    export TeamIdentifierPrefix\=74V23JJ8B7.
    export UID\=502
    export UNINSTALLED_PRODUCTS_DIR\=/Users/wilmeralzate/Library/Developer/Xcode/DerivedData/Runner-euekkyiyeygqzlfvqhlkopdaztwz/Build/Intermediates.noindex/UninstalledProducts
    export UNLOCALIZED_RESOURCES_FOLDER_PATH\=Runner.app
    export UNLOCALIZED_RESOURCES_FOLDER_PATH_SHALLOW_BUNDLE_NO\=Runner.app/Resources
    export UNLOCALIZED_RESOURCES_FOLDER_PATH_SHALLOW_BUNDLE_YES\=Runner.app
    export UNSTRIPPED_PRODUCT\=NO
    export USER\=wilmeralzate
    export USER_APPS_DIR\=/Users/wilmeralzate/Applications
    export USER_LIBRARY_DIR\=/Users/wilmeralzate/Library
    export USE_DYNAMIC_NO_PIC\=YES
    export USE_HEADERMAP\=YES
    export USE_HEADER_SYMLINKS\=NO
    export USE_RECURSIVE_SCRIPT_INPUTS_IN_SCRIPT_PHASES\=YES
    export VALIDATE_DEVELOPMENT_ASSET_PATHS\=YES_ERROR
    export VALIDATE_PRODUCT\=NO
    export VALID_ARCHS\=arm64\ x86_64
    export VERBOSE_PBXCP\=NO
    export VERSIONING_SYSTEM\=apple-generic
    export VERSIONPLIST_PATH\=Runner.app/version.plist
    export VERSION_INFO_BUILDER\=wilmeralzate
    export VERSION_INFO_FILE\=Runner_vers.c
    export VERSION_INFO_STRING\=\"@\(\#\)PROGRAM:Runner\ \ PROJECT:Runner-1\"
    export WORKSPACE_DIR\=/Users/wilmeralzate/Documents/GitHub/HearthBit/app/ios
    export WRAPPER_EXTENSION\=app
    export WRAPPER_NAME\=Runner.app
    export WRAPPER_SUFFIX\=.app
    export WRAP_ASSET_PACKS_IN_SEPARATE_DIRECTORIES\=NO
    export XCODE_APP_SUPPORT_DIR\=/Applications/Xcode.app/Contents/Developer/Library/Xcode
    export XCODE_PRODUCT_BUILD_VERSION\=17F113
    export XCODE_VERSION_ACTUAL\=2660
    export XCODE_VERSION_MAJOR\=2600
    export XCODE_VERSION_MINOR\=2660
    export XPCSERVICES_FOLDER_PATH\=Runner.app/XPCServices
    export YACC\=yacc
    export _DISCOVER_COMMAND_LINE_LINKER_INPUTS\=YES
    export _DISCOVER_COMMAND_LINE_LINKER_INPUTS_INCLUDE_WL\=YES
    export _LD_MULTIARCH\=YES
    export _WRAPPER_CONTENTS_DIR_SHALLOW_BUNDLE_NO\=/Contents
    export _WRAPPER_PARENT_PATH_SHALLOW_BUNDLE_NO\=/..
    export _WRAPPER_RESOURCES_DIR_SHALLOW_BUNDLE_NO\=/Resources
    export __DIAGNOSE_DEPRECATED_ARCHS\=YES
    export __IS_NOT_MACOS\=YES
    export __IS_NOT_MACOS_macosx\=NO
    export __IS_NOT_SIMULATOR\=NO
    export __IS_NOT_SIMULATOR_simulator\=NO
    export __ORIGINAL_SDK_DEFINED_LLVM_TARGET_TRIPLE_SYS\=ios
    export arch\=undefined_arch
    export variant\=normal
    /bin/sh -c /Users/wilmeralzate/Library/Developer/Xcode/DerivedData/Runner-euekkyiyeygqzlfvqhlkopdaztwz/Build/Intermediates.noindex/Runner.build/Debug-iphonesimulator/Runner.build/Script-9740EEB61CF901F6004384FC.sh
Project /Users/wilmeralzate/Documents/GitHub/HearthBit/app built and packaged successfully.
ProcessInfoPlistFile /Users/wilmeralzate/Library/Developer/Xcode/DerivedData/Runner-euekkyiyeygqzlfvqhlkopdaztwz/Build/Products/Debug-iphonesimulator/Runner.app/Info.plist /Users/wilmeralzate/Documents/GitHub/HearthBit/app/ios/Runner/Info.plist (in target 'Runner' from project 'Runner')
    cd /Users/wilmeralzate/Documents/GitHub/HearthBit/app/ios
    builtin-infoPlistUtility /Users/wilmeralzate/Documents/GitHub/HearthBit/app/ios/Runner/Info.plist -producttype com.apple.product-type.application -genpkginfo /Users/wilmeralzate/Library/Developer/Xcode/DerivedData/Runner-euekkyiyeygqzlfvqhlkopdaztwz/Build/Products/Debug-iphonesimulator/Runner.app/PkgInfo -expandbuildsettings -format binary -platform iphonesimulator -additionalcontentfile /Users/wilmeralzate/Library/Developer/Xcode/DerivedData/Runner-euekkyiyeygqzlfvqhlkopdaztwz/Build/Intermediates.noindex/Runner.build/Debug-iphonesimulator/Runner.build/Base.lproj/LaunchScreen-SBPartialInfo.plist -additionalcontentfile /Users/wilmeralzate/Library/Developer/Xcode/DerivedData/Runner-euekkyiyeygqzlfvqhlkopdaztwz/Build/Intermediates.noindex/Runner.build/Debug-iphonesimulator/Runner.build/Base.lproj/Main-SBPartialInfo.plist -additionalcontentfile /Users/wilmeralzate/Library/Developer/Xcode/DerivedData/Runner-euekkyiyeygqzlfvqhlkopdaztwz/Build/Intermediates.noindex/Runner.build/Debug-iphonesimulator/Runner.build/assetcatalog_generated_info.plist -o /Users/wilmeralzate/Library/Developer/Xcode/DerivedData/Runner-euekkyiyeygqzlfvqhlkopdaztwz/Build/Products/Debug-iphonesimulator/Runner.app/Info.plist

PhaseScriptExecution Thin\ Binary /Users/wilmeralzate/Library/Developer/Xcode/DerivedData/Runner-euekkyiyeygqzlfvqhlkopdaztwz/Build/Intermediates.noindex/Runner.build/Debug-iphonesimulator/Runner.build/Script-3B06AD1E1E4923F5004D2608.sh (in target 'Runner' from project 'Runner')
    cd /Users/wilmeralzate/Documents/GitHub/HearthBit/app/ios
    export ACTION\=build
    export AD_HOC_CODE_SIGNING_ALLOWED\=YES
    export AGGREGATE_TRACKED_DOMAINS\=YES
    export ALLOW_BUILD_REQUEST_OVERRIDES\=NO
    export ALLOW_TARGET_PLATFORM_SPECIALIZATION\=NO
    export ALTERNATE_GROUP\=staff
    export ALTERNATE_MODE\=u+w,go-w,a+rX
    export ALTERNATE_OWNER\=wilmeralzate
    export ALTERNATIVE_DISTRIBUTION_WEB\=NO
    export ALWAYS_EMBED_SWIFT_STANDARD_LIBRARIES\=YES
    export ALWAYS_SEARCH_USER_PATHS\=NO
    export ALWAYS_USE_SEPARATE_HEADERMAPS\=NO
    export APPLICATION_EXTENSION_API_ONLY\=NO
    export APPLY_RULES_IN_COPY_FILES\=NO
    export APPLY_RULES_IN_COPY_HEADERS\=NO
    export APP_SHORTCUTS_ENABLE_FLEXIBLE_MATCHING\=YES
    export ARCHS\=arm64
    export ARCHS_BASE\=arm64
    export ARCHS_STANDARD\=arm64\ x86_64
    export ARCHS_STANDARD_32_64_BIT\=arm64\ x86_64
    export ARCHS_STANDARD_64_BIT\=arm64\ x86_64
    export ARCHS_STANDARD_INCLUDING_64_BIT\=arm64\ x86_64
    export ARCHS_UNIVERSAL_IPHONE_OS\=arm64\ x86_64
    export ASSETCATALOG_COMPILER_APPICON_NAME\=AppIcon
    export ASSETCATALOG_COMPILER_GENERATE_SWIFT_ASSET_SYMBOL_EXTENSIONS\=AppIcon
    export ASSETCATALOG_FILTER_FOR_DEVICE_MODEL\=iPhone18,1
    export ASSETCATALOG_FILTER_FOR_DEVICE_OS_VERSION\=26.5
    export ASSETCATALOG_FILTER_FOR_THINNING_DEVICE_CONFIGURATION\=iPhone18,1
    export AUTOMATICALLY_MERGE_DEPENDENCIES\=NO
    export AUTOMATION_APPLE_EVENTS\=NO
    export AVAILABLE_PLATFORMS\=android\ appletvos\ appletvsimulator\ driverkit\ freebsd\ iphoneos\ iphonesimulator\ linux\ macosx\ none\ openbsd\ qnx\ watchos\ watchsimulator\ webassembly\ xros\ xrsimulator
    export AppIdentifierPrefix\=74V23JJ8B7.
    export BUILD_ACTIVE_RESOURCES_ONLY\=YES
    export BUILD_COMPONENTS\=headers\ build
    export BUILD_DIR\=/Users/wilmeralzate/Library/Developer/Xcode/DerivedData/Runner-euekkyiyeygqzlfvqhlkopdaztwz/Build/Products
    export BUILD_LIBRARY_FOR_DISTRIBUTION\=NO
    export BUILD_ONLY_KNOWN_LOCALIZATIONS\=NO
    export BUILD_ROOT\=/Users/wilmeralzate/Library/Developer/Xcode/DerivedData/Runner-euekkyiyeygqzlfvqhlkopdaztwz/Build/Products
    export BUILD_STYLE\=
    export BUILD_VARIANTS\=normal
    export BUILT_PRODUCTS_DIR\=/Users/wilmeralzate/Library/Developer/Xcode/DerivedData/Runner-euekkyiyeygqzlfvqhlkopdaztwz/Build/Products/Debug-iphonesimulator
    export BUNDLE_CONTENTS_FOLDER_PATH_deep\=Contents/
    export BUNDLE_EXECUTABLE_FOLDER_NAME_deep\=MacOS
    export BUNDLE_EXTENSIONS_FOLDER_PATH\=Extensions
    export BUNDLE_FORMAT\=shallow
    export BUNDLE_FRAMEWORKS_FOLDER_PATH\=Frameworks
    export BUNDLE_PLUGINS_FOLDER_PATH\=PlugIns
    export BUNDLE_PRIVATE_HEADERS_FOLDER_PATH\=PrivateHeaders
    export BUNDLE_PUBLIC_HEADERS_FOLDER_PATH\=Headers
    export CACHE_ROOT\=/var/folders/10/f43wtv1578155rl0tnfqgqvr0000gp/C/com.apple.DeveloperTools/26.6-17F113/Xcode
    export CCHROOT\=/var/folders/10/f43wtv1578155rl0tnfqgqvr0000gp/C/com.apple.DeveloperTools/26.6-17F113/Xcode
    export CHMOD\=/bin/chmod
    export CHOWN\=chown
    export CLANG_ANALYZER_NONNULL\=YES
    export CLANG_CACHE_FINE_GRAINED_OUTPUTS\=YES
    export CLANG_CXX_LANGUAGE_STANDARD\=gnu++0x
    export CLANG_CXX_LIBRARY\=libc++
    export CLANG_ENABLE_EXPLICIT_MODULES\=YES
    export CLANG_ENABLE_MODULES\=YES
    export CLANG_ENABLE_OBJC_ARC\=YES
    export CLANG_MODULES_BUILD_SESSION_FILE\=/Users/wilmeralzate/Library/Developer/Xcode/DerivedData/ModuleCache.noindex/Session.modulevalidation
    export CLANG_WARN_BLOCK_CAPTURE_AUTORELEASING\=YES
    export CLANG_WARN_BOOL_CONVERSION\=YES
    export CLANG_WARN_COMMA\=YES
    export CLANG_WARN_CONSTANT_CONVERSION\=YES
    export CLANG_WARN_DEPRECATED_OBJC_IMPLEMENTATIONS\=YES
    export CLANG_WARN_DIRECT_OBJC_ISA_USAGE\=YES_ERROR
    export CLANG_WARN_EMPTY_BODY\=YES
    export CLANG_WARN_ENUM_CONVERSION\=YES
    export CLANG_WARN_INFINITE_RECURSION\=YES
    export CLANG_WARN_INT_CONVERSION\=YES
    export CLANG_WARN_NON_LITERAL_NULL_CONVERSION\=YES
    export CLANG_WARN_OBJC_IMPLICIT_RETAIN_SELF\=YES
    export CLANG_WARN_OBJC_LITERAL_CONVERSION\=YES
    export CLANG_WARN_OBJC_ROOT_CLASS\=YES_ERROR
    export CLANG_WARN_QUOTED_INCLUDE_IN_FRAMEWORK_HEADER\=NO
    export CLANG_WARN_RANGE_LOOP_ANALYSIS\=YES
    export CLANG_WARN_STRICT_PROTOTYPES\=YES
    export CLANG_WARN_SUSPICIOUS_MOVE\=YES
    export CLANG_WARN_UNREACHABLE_CODE\=YES
    export CLANG_WARN__DUPLICATE_METHOD_MATCH\=YES
    export CLASS_FILE_DIR\=/Users/wilmeralzate/Library/Developer/Xcode/DerivedData/Runner-euekkyiyeygqzlfvqhlkopdaztwz/Build/Intermediates.noindex/Runner.build/Debug-iphonesimulator/Runner.build/JavaClasses
    export CLEAN_PRECOMPS\=YES
    export CLONE_HEADERS\=NO
    export COCOAPODS_PARALLEL_CODE_SIGN\=true
    export CODESIGNING_FOLDER_PATH\=/Users/wilmeralzate/Library/Developer/Xcode/DerivedData/Runner-euekkyiyeygqzlfvqhlkopdaztwz/Build/Products/Debug-iphonesimulator/Runner.app
    export CODE_SIGNING_ALLOWED\=YES
    export CODE_SIGNING_REQUIRED\=YES
    export CODE_SIGN_CONTEXT_CLASS\=XCiPhoneSimulatorCodeSignContext
    export CODE_SIGN_ENTITLEMENTS\=Runner/Runner.entitlements
    export CODE_SIGN_IDENTITY\=-
    export CODE_SIGN_INJECT_BASE_ENTITLEMENTS\=YES
    export COLOR_DIAGNOSTICS\=NO
    export COMBINE_HIDPI_IMAGES\=NO
    export COMPILATION_CACHE_CAS_PATH\=/Users/wilmeralzate/Library/Developer/Xcode/DerivedData/CompilationCache.noindex
    export COMPILATION_CACHE_KEEP_CAS_DIRECTORY\=YES
    export COMPILER_INDEX_STORE_ENABLE\=Default
    export COMPOSITE_SDK_DIRS\=/Users/wilmeralzate/Library/Developer/Xcode/DerivedData/Runner-euekkyiyeygqzlfvqhlkopdaztwz/Build/Intermediates.noindex/CompositeSDKs
    export COMPRESS_PNG_FILES\=YES
    export CONFIGURATION\=Debug
    export CONFIGURATION_BUILD_DIR\=/Users/wilmeralzate/Library/Developer/Xcode/DerivedData/Runner-euekkyiyeygqzlfvqhlkopdaztwz/Build/Products/Debug-iphonesimulator
    export CONFIGURATION_TEMP_DIR\=/Users/wilmeralzate/Library/Developer/Xcode/DerivedData/Runner-euekkyiyeygqzlfvqhlkopdaztwz/Build/Intermediates.noindex/Runner.build/Debug-iphonesimulator
    export CONTENTS_FOLDER_PATH\=Runner.app
    export CONTENTS_FOLDER_PATH_SHALLOW_BUNDLE_NO\=Runner.app/Contents
    export CONTENTS_FOLDER_PATH_SHALLOW_BUNDLE_YES\=Runner.app
    export COPYING_PRESERVES_HFS_DATA\=NO
    export COPY_HEADERS_RUN_UNIFDEF\=NO
    export COPY_PHASE_STRIP\=NO
    export CORRESPONDING_DEVICE_PLATFORM_DIR\=/Applications/Xcode.app/Contents/Developer/Platforms/iPhoneOS.platform
    export CORRESPONDING_DEVICE_PLATFORM_NAME\=iphoneos
    export CORRESPONDING_DEVICE_SDK_DIR\=/Applications/Xcode.app/Contents/Developer/Platforms/iPhoneOS.platform/Developer/SDKs/iPhoneOS26.5.sdk
    export CORRESPONDING_DEVICE_SDK_NAME\=iphoneos26.5
    export CP\=/bin/cp
    export CREATE_INFOPLIST_SECTION_IN_BINARY\=NO
    export CURRENT_ARCH\=undefined_arch
    export CURRENT_PROJECT_VERSION\=1
    export CURRENT_VARIANT\=normal
    export DART_DEFINES\=RkxVVFRFUl9CVUlMRF9OQU1FPTEuMC4w,RkxVVFRFUl9CVUlMRF9OVU1CRVI9MQ\=\=,RkxVVFRFUl9WRVJTSU9OPTMuNDcuMA\=\=,RkxVVFRFUl9DSEFOTkVMPXN0YWJsZQ\=\=,RkxVVFRFUl9HSVRfVVJMPWh0dHBzOi8vZ2l0aHViLmNvbS9mbHV0dGVyL2ZsdXR0ZXIuZ2l0,RkxVVFRFUl9GUkFNRVdPUktfUkVWSVNJT049NGNmMjQxNjQyNg\=\=,RkxVVFRFUl9FTkdJTkVfUkVWSVNJT049NWY3NzYyNTY3Mw\=\=,RkxVVFRFUl9EQVJUX1ZFUlNJT049My4xMy4w
    export DART_OBFUSCATION\=false
    export DEAD_CODE_STRIPPING\=YES
    export DEBUGGING_SYMBOLS\=YES
    export DEBUG_INFORMATION_FORMAT\=dwarf
    export DEBUG_INFORMATION_VERSION\=compiler-default
    export DEFAULT_COMPILER\=com.apple.compilers.llvm.clang.1_0
    export DEFAULT_DEXT_INSTALL_PATH\=/System/Library/DriverExtensions
    export DEFAULT_KEXT_INSTALL_PATH\=/System/Library/Extensions
    export DEFINES_MODULE\=NO
    export DEPLOYMENT_LOCATION\=NO
    export DEPLOYMENT_POSTPROCESSING\=NO
    export DEPLOYMENT_TARGET_SETTING_NAME\=IPHONEOS_DEPLOYMENT_TARGET
    export DEPLOYMENT_TARGET_SUGGESTED_VALUES\=12.0\ 12.1\ 12.2\ 12.3\ 12.4\ 13.0\ 13.1\ 13.2\ 13.3\ 13.4\ 13.5\ 13.6\ 14.0\ 14.1\ 14.2\ 14.3\ 14.4\ 14.5\ 14.6\ 14.7\ 15.0\ 15.1\ 15.2\ 15.3\ 15.4\ 15.5\ 15.6\ 16.0\ 16.1\ 16.2\ 16.3\ 16.4\ 16.5\ 16.6\ 17.0\ 17.1\ 17.2\ 17.3\ 17.4\ 17.5\ 17.6\ 18.0\ 18.1\ 18.2\ 18.3\ 18.4\ 18.5\ 18.6\ 26.0\ 26.2\ 26.3\ 26.4\ 26.5
    export DERIVED_FILES_DIR\=/Users/wilmeralzate/Library/Developer/Xcode/DerivedData/Runner-euekkyiyeygqzlfvqhlkopdaztwz/Build/Intermediates.noindex/Runner.build/Debug-iphonesimulator/Runner.build/DerivedSources
    export DERIVED_FILE_DIR\=/Users/wilmeralzate/Library/Developer/Xcode/DerivedData/Runner-euekkyiyeygqzlfvqhlkopdaztwz/Build/Intermediates.noindex/Runner.build/Debug-iphonesimulator/Runner.build/DerivedSources
    export DERIVED_SOURCES_DIR\=/Users/wilmeralzate/Library/Developer/Xcode/DerivedData/Runner-euekkyiyeygqzlfvqhlkopdaztwz/Build/Intermediates.noindex/Runner.build/Debug-iphonesimulator/Runner.build/DerivedSources
    export DEVELOPER_APPLICATIONS_DIR\=/Applications/Xcode.app/Contents/Developer/Applications
    export DEVELOPER_BIN_DIR\=/Applications/Xcode.app/Contents/Developer/usr/bin
    export DEVELOPER_DIR\=/Applications/Xcode.app/Contents/Developer
    export DEVELOPER_FRAMEWORKS_DIR\=/Applications/Xcode.app/Contents/Developer/Library/Frameworks
    export DEVELOPER_FRAMEWORKS_DIR_QUOTED\=/Applications/Xcode.app/Contents/Developer/Library/Frameworks
    export DEVELOPER_LIBRARY_DIR\=/Applications/Xcode.app/Contents/Developer/Library
    export DEVELOPER_SDK_DIR\=/Applications/Xcode.app/Contents/Developer/Platforms/MacOSX.platform/Developer/SDKs
    export DEVELOPER_TOOLS_DIR\=/Applications/Xcode.app/Contents/Developer/Tools
    export DEVELOPER_USR_DIR\=/Applications/Xcode.app/Contents/Developer/usr
    export DEVELOPMENT_LANGUAGE\=en
    export DEVELOPMENT_TEAM\=74V23JJ8B7
    export DIAGNOSE_MISSING_TARGET_DEPENDENCIES\=YES
    export DIFF\=/usr/bin/diff
    export DOCUMENTATION_FOLDER_PATH\=Runner.app/en.lproj/Documentation
    export DONT_GENERATE_INFOPLIST_FILE\=NO
    export DSTROOT\=/tmp/Runner.dst
    export DT_TOOLCHAIN_DIR\=/Applications/Xcode.app/Contents/Developer/Toolchains/XcodeDefault.xctoolchain
    export DUMP_DEPENDENCIES\=NO
    export DUMP_DEPENDENCIES_OUTPUT_PATH\=/Users/wilmeralzate/Library/Developer/Xcode/DerivedData/Runner-euekkyiyeygqzlfvqhlkopdaztwz/Build/Intermediates.noindex/Runner.build/Debug-iphonesimulator/Runner.build/Runner-BuildDependencyInfo.json
    export DWARF_DSYM_FILE_NAME\=Runner.app.dSYM
    export DWARF_DSYM_FILE_SHOULD_ACCOMPANY_PRODUCT\=NO
    export DWARF_DSYM_FOLDER_PATH\=/Users/wilmeralzate/Library/Developer/Xcode/DerivedData/Runner-euekkyiyeygqzlfvqhlkopdaztwz/Build/Products/Debug-iphonesimulator
    export DYNAMIC_LIBRARY_EXTENSION\=dylib
    export EAGER_COMPILATION_ALLOW_SCRIPTS\=NO
    export EAGER_LINKING\=NO
    export EFFECTIVE_PLATFORM_NAME\=-iphonesimulator
    export EFFECTIVE_SWIFT_VERSION\=5
    export EMBEDDED_CONTENT_CONTAINS_SWIFT\=NO
    export EMBED_ASSET_PACKS_IN_PRODUCT_BUNDLE\=NO
    export ENABLE_APP_SANDBOX\=NO
    export ENABLE_BITCODE\=NO
    export ENABLE_CODE_COVERAGE\=YES
    export ENABLE_COHORT_ARCHS\=NO
    export ENABLE_CPLUSPLUS_BOUNDS_SAFE_BUFFERS\=NO
    export ENABLE_C_BOUNDS_SAFETY\=NO
    export ENABLE_DEBUG_DYLIB\=YES
    export ENABLE_DEFAULT_HEADER_SEARCH_PATHS\=YES
    export ENABLE_DEFAULT_SEARCH_PATHS\=YES
    export ENABLE_ENHANCED_SECURITY\=NO
    export ENABLE_HARDENED_RUNTIME\=NO
    export ENABLE_HEADER_DEPENDENCIES\=YES
    export ENABLE_INCOMING_NETWORK_CONNECTIONS\=NO
    export ENABLE_ON_DEMAND_RESOURCES\=YES
    export ENABLE_OUTGOING_NETWORK_CONNECTIONS\=NO
    export ENABLE_POINTER_AUTHENTICATION\=NO
    export ENABLE_PREVIEWS\=NO
    export ENABLE_RESOURCE_ACCESS_AUDIO_INPUT\=NO
    export ENABLE_RESOURCE_ACCESS_BLUETOOTH\=NO
    export ENABLE_RESOURCE_ACCESS_CALENDARS\=NO
    export ENABLE_RESOURCE_ACCESS_CAMERA\=NO
    export ENABLE_RESOURCE_ACCESS_CONTACTS\=NO
    export ENABLE_RESOURCE_ACCESS_LOCATION\=NO
    export ENABLE_RESOURCE_ACCESS_PHOTO_LIBRARY\=NO
    export ENABLE_RESOURCE_ACCESS_PRINTING\=NO
    export ENABLE_RESOURCE_ACCESS_USB\=NO
    export ENABLE_SDK_IMPORTS\=NO
    export ENABLE_SECURITY_COMPILER_WARNINGS\=NO
    export ENABLE_STRICT_OBJC_MSGSEND\=YES
    export ENABLE_TESTABILITY\=YES
    export ENABLE_TESTING_SEARCH_PATHS\=NO
    export ENABLE_USER_SCRIPT_SANDBOXING\=NO
    export ENABLE_XOJIT_PREVIEWS\=YES
    export ENFORCE_VALID_ARCHS\=YES
    export ENTITLEMENTS_ALLOWED\=NO
    export ENTITLEMENTS_DESTINATION\=__entitlements
    export ENTITLEMENTS_REQUIRED\=NO
    export EXCLUDED_ARCHS\=i386
    export EXCLUDED_INSTALLSRC_SUBDIRECTORY_PATTERNS\=.DS_Store\ .svn\ .git\ .hg\ CVS
    export EXCLUDED_RECURSIVE_SEARCH_PATH_SUBDIRECTORIES\=\*.nib\ \*.lproj\ \*.framework\ \*.gch\ \*.xcode\*\ \*.xcassets\ \*.icon\ \(\*\)\ .DS_Store\ CVS\ .svn\ .git\ .hg\ \*.pbproj\ \*.pbxproj
    export EXECUTABLES_FOLDER_PATH\=Runner.app/Executables
    export EXECUTABLE_BLANK_INJECTION_DYLIB_PATH\=Runner.app/__preview.dylib
    export EXECUTABLE_DEBUG_DYLIB_INSTALL_NAME\=@rpath/Runner.debug.dylib
    export EXECUTABLE_DEBUG_DYLIB_PATH\=Runner.app/Runner.debug.dylib
    export EXECUTABLE_FOLDER_PATH\=Runner.app
    export EXECUTABLE_FOLDER_PATH_SHALLOW_BUNDLE_NO\=Runner.app/MacOS
    export EXECUTABLE_FOLDER_PATH_SHALLOW_BUNDLE_YES\=Runner.app
    export EXECUTABLE_NAME\=Runner
    export EXECUTABLE_PATH\=Runner.app/Runner
    export EXPANDED_CODE_SIGN_IDENTITY\=-
    export EXPANDED_CODE_SIGN_IDENTITY_NAME\=Sign\ to\ Run\ Locally
    export EXTENSIONS_FOLDER_PATH\=Runner.app/Extensions
    export FILE_LIST\=/Users/wilmeralzate/Library/Developer/Xcode/DerivedData/Runner-euekkyiyeygqzlfvqhlkopdaztwz/Build/Intermediates.noindex/Runner.build/Debug-iphonesimulator/Runner.build/Objects/LinkFileList
    export FIXED_FILES_DIR\=/Users/wilmeralzate/Library/Developer/Xcode/DerivedData/Runner-euekkyiyeygqzlfvqhlkopdaztwz/Build/Intermediates.noindex/Runner.build/Debug-iphonesimulator/Runner.build/FixedFiles
    export FLUTTER_APPLICATION_PATH\=/Users/wilmeralzate/Documents/GitHub/HearthBit/app
    export FLUTTER_BUILD_DIR\=build
    export FLUTTER_BUILD_NAME\=1.0.0
    export FLUTTER_BUILD_NUMBER\=1
    export FLUTTER_FRAMEWORK_SWIFT_PACKAGE_PATH\=/Users/wilmeralzate/Documents/GitHub/HearthBit/app/ios/Flutter/ephemeral/Packages/.packages/FlutterFramework
    export FLUTTER_ROOT\=/Users/wilmeralzate/development/flutter
    export FLUTTER_TARGET\=/Users/wilmeralzate/Documents/GitHub/HearthBit/app/lib/main.dart
    export FRAMEWORKS_FOLDER_PATH\=Runner.app/Frameworks
    export FRAMEWORK_FLAG_PREFIX\=-framework
    export FRAMEWORK_SEARCH_PATHS\=/Users/wilmeralzate/Library/Developer/Xcode/DerivedData/Runner-euekkyiyeygqzlfvqhlkopdaztwz/Build/Products/Debug-iphonesimulator\ \ \"/Users/wilmeralzate/Library/Developer/Xcode/DerivedData/Runner-euekkyiyeygqzlfvqhlkopdaztwz/Build/Products/Debug-iphonesimulator/FMDB\"\ \"/Users/wilmeralzate/Library/Developer/Xcode/DerivedData/Runner-euekkyiyeygqzlfvqhlkopdaztwz/Build/Products/Debug-iphonesimulator/SQLCipher\"\ \"/Users/wilmeralzate/Library/Developer/Xcode/DerivedData/Runner-euekkyiyeygqzlfvqhlkopdaztwz/Build/Products/Debug-iphonesimulator/audioplayers_darwin\"\ \"/Users/wilmeralzate/Library/Developer/Xcode/DerivedData/Runner-euekkyiyeygqzlfvqhlkopdaztwz/Build/Products/Debug-iphonesimulator/connectivity_plus\"\ \"/Users/wilmeralzate/Library/Developer/Xcode/DerivedData/Runner-euekkyiyeygqzlfvqhlkopdaztwz/Build/Products/Debug-iphonesimulator/file_selector_ios\"\ \"/Users/wilmeralzate/Library/Developer/Xcode/DerivedData/Runner-euekkyiyeygqzlfvqhlkopdaztwz/Build/Products/Debug-iphonesimulator/flutter_compass\"\ \"/Users/wilmeralzate/Library/Developer/Xcode/DerivedData/Runner-euekkyiyeygqzlfvqhlkopdaztwz/Build/Products/Debug-iphonesimulator/flutter_secure_storage_darwin\"\ \"/Users/wilmeralzate/Library/Developer/Xcode/DerivedData/Runner-euekkyiyeygqzlfvqhlkopdaztwz/Build/Products/Debug-iphonesimulator/geolocator_apple\"\ \"/Users/wilmeralzate/Library/Developer/Xcode/DerivedData/Runner-euekkyiyeygqzlfvqhlkopdaztwz/Build/Products/Debug-iphonesimulator/mobile_scanner\"\ \"/Users/wilmeralzate/Library/Developer/Xcode/DerivedData/Runner-euekkyiyeygqzlfvqhlkopdaztwz/Build/Products/Debug-iphonesimulator/package_info_plus\"\ \"/Users/wilmeralzate/Library/Developer/Xcode/DerivedData/Runner-euekkyiyeygqzlfvqhlkopdaztwz/Build/Products/Debug-iphonesimulator/record_ios\"\ \"/Users/wilmeralzate/Library/Developer/Xcode/DerivedData/Runner-euekkyiyeygqzlfvqhlkopdaztwz/Build/Products/Debug-iphonesimulator/share_plus\"\ \"/Users/wilmeralzate/Library/Developer/Xcode/DerivedData/Runner-euekkyiyeygqzlfvqhlkopdaztwz/Build/Products/Debug-iphonesimulator/shared_preferences_foundation\"\ \"/Users/wilmeralzate/Library/Developer/Xcode/DerivedData/Runner-euekkyiyeygqzlfvqhlkopdaztwz/Build/Products/Debug-iphonesimulator/sqflite_sqlcipher\"\ \"/Users/wilmeralzate/Library/Developer/Xcode/DerivedData/Runner-euekkyiyeygqzlfvqhlkopdaztwz/Build/Products/Debug-iphonesimulator/url_launcher_ios\"
    export FRAMEWORK_VERSION\=A
    export FULL_PRODUCT_NAME\=Runner.app
    export FUSE_BUILD_PHASES\=YES
    export FUSE_BUILD_SCRIPT_PHASES\=NO
    export GCC3_VERSION\=3.3
    export GCC_C_LANGUAGE_STANDARD\=gnu99
    export GCC_DYNAMIC_NO_PIC\=NO
    export GCC_INLINES_ARE_PRIVATE_EXTERN\=YES
    export GCC_NO_COMMON_BLOCKS\=YES
    export GCC_OBJC_LEGACY_DISPATCH\=YES
    export GCC_OPTIMIZATION_LEVEL\=0
    export GCC_PFE_FILE_C_DIALECTS\=c\ objective-c\ c++\ objective-c++
    export GCC_PREPROCESSOR_DEFINITIONS\=DEBUG\=1\ \ COCOAPODS\=1\ SQLITE_HAS_CODEC\=1\ _SQLITE3_H_\=1\ _FTS5_H\=1\ _SQLITE3RTREE_H_\=1
    export GCC_SYMBOLS_PRIVATE_EXTERN\=NO
    export GCC_TREAT_WARNINGS_AS_ERRORS\=NO
    export GCC_VERSION\=com.apple.compilers.llvm.clang.1_0
    export GCC_VERSION_IDENTIFIER\=com_apple_compilers_llvm_clang_1_0
    export GCC_WARN_64_TO_32_BIT_CONVERSION\=YES
    export GCC_WARN_ABOUT_RETURN_TYPE\=YES_ERROR
    export GCC_WARN_UNDECLARED_SELECTOR\=YES
    export GCC_WARN_UNINITIALIZED_AUTOS\=YES_AGGRESSIVE
    export GCC_WARN_UNUSED_FUNCTION\=YES
    export GCC_WARN_UNUSED_VARIABLE\=YES
    export GENERATED_MODULEMAP_DIR\=/Users/wilmeralzate/Library/Developer/Xcode/DerivedData/Runner-euekkyiyeygqzlfvqhlkopdaztwz/Build/Intermediates.noindex/GeneratedModuleMaps-iphonesimulator
    export GENERATE_INFOPLIST_FILE\=NO
    export GENERATE_INTERMEDIATE_TEXT_BASED_STUBS\=YES
    export GENERATE_PKGINFO_FILE\=YES
    export GENERATE_PRELINK_OBJECT_FILE\=NO
    export GENERATE_PROFILING_CODE\=NO
    export GENERATE_TEXT_BASED_STUBS\=NO
    export GID\=20
    export GROUP\=staff
    export HEADERMAP_INCLUDES_FLAT_ENTRIES_FOR_TARGET_BEING_BUILT\=YES
    export HEADERMAP_INCLUDES_FRAMEWORK_ENTRIES_FOR_ALL_PRODUCT_TYPES\=YES
    export HEADERMAP_INCLUDES_FRAMEWORK_ENTRIES_FOR_TARGETS_NOT_BEING_BUILT\=YES
    export HEADERMAP_INCLUDES_NONPUBLIC_NONPRIVATE_HEADERS\=YES
    export HEADERMAP_INCLUDES_PROJECT_HEADERS\=YES
    export HEADERMAP_USES_FRAMEWORK_PREFIX_ENTRIES\=YES
    export HEADERMAP_USES_VFS\=NO
    export HEADER_SEARCH_PATHS\=/Users/wilmeralzate/Library/Developer/Xcode/DerivedData/Runner-euekkyiyeygqzlfvqhlkopdaztwz/Build/Products/Debug-iphonesimulator/include\ \ \"/Users/wilmeralzate/Library/Developer/Xcode/DerivedData/Runner-euekkyiyeygqzlfvqhlkopdaztwz/Build/Products/Debug-iphonesimulator/FMDB/FMDB.framework/Headers\"\ \"/Users/wilmeralzate/Library/Developer/Xcode/DerivedData/Runner-euekkyiyeygqzlfvqhlkopdaztwz/Build/Products/Debug-iphonesimulator/SQLCipher/SQLCipher.framework/Headers\"\ \"/Users/wilmeralzate/Library/Developer/Xcode/DerivedData/Runner-euekkyiyeygqzlfvqhlkopdaztwz/Build/Products/Debug-iphonesimulator/audioplayers_darwin/audioplayers_darwin.framework/Headers\"\ \"/Users/wilmeralzate/Library/Developer/Xcode/DerivedData/Runner-euekkyiyeygqzlfvqhlkopdaztwz/Build/Products/Debug-iphonesimulator/connectivity_plus/connectivity_plus.framework/Headers\"\ \"/Users/wilmeralzate/Library/Developer/Xcode/DerivedData/Runner-euekkyiyeygqzlfvqhlkopdaztwz/Build/Products/Debug-iphonesimulator/file_selector_ios/file_selector_ios.framework/Headers\"\ \"/Users/wilmeralzate/Library/Developer/Xcode/DerivedData/Runner-euekkyiyeygqzlfvqhlkopdaztwz/Build/Products/Debug-iphonesimulator/flutter_compass/flutter_compass.framework/Headers\"\ \"/Users/wilmeralzate/Library/Developer/Xcode/DerivedData/Runner-euekkyiyeygqzlfvqhlkopdaztwz/Build/Products/Debug-iphonesimulator/flutter_secure_storage_darwin/flutter_secure_storage_darwin.framework/Headers\"\ \"/Users/wilmeralzate/Library/Developer/Xcode/DerivedData/Runner-euekkyiyeygqzlfvqhlkopdaztwz/Build/Products/Debug-iphonesimulator/geolocator_apple/geolocator_apple.framework/Headers\"\ \"/Users/wilmeralzate/Library/Developer/Xcode/DerivedData/Runner-euekkyiyeygqzlfvqhlkopdaztwz/Build/Products/Debug-iphonesimulator/mobile_scanner/mobile_scanner.framework/Headers\"\ \"/Users/wilmeralzate/Library/Developer/Xcode/DerivedData/Runner-euekkyiyeygqzlfvqhlkopdaztwz/Build/Products/Debug-iphonesimulator/package_info_plus/package_info_plus.framework/Headers\"\ \"/Users/wilmeralzate/Library/Developer/Xcode/DerivedData/Runner-euekkyiyeygqzlfvqhlkopdaztwz/Build/Products/Debug-iphonesimulator/record_ios/record_ios.framework/Headers\"\ \"/Users/wilmeralzate/Library/Developer/Xcode/DerivedData/Runner-euekkyiyeygqzlfvqhlkopdaztwz/Build/Products/Debug-iphonesimulator/share_plus/share_plus.framework/Headers\"\ \"/Users/wilmeralzate/Library/Developer/Xcode/DerivedData/Runner-euekkyiyeygqzlfvqhlkopdaztwz/Build/Products/Debug-iphonesimulator/shared_preferences_foundation/shared_preferences_foundation.framework/Headers\"\ \"/Users/wilmeralzate/Library/Developer/Xcode/DerivedData/Runner-euekkyiyeygqzlfvqhlkopdaztwz/Build/Products/Debug-iphonesimulator/sqflite_sqlcipher/sqflite_sqlcipher.framework/Headers\"\ \"/Users/wilmeralzate/Library/Developer/Xcode/DerivedData/Runner-euekkyiyeygqzlfvqhlkopdaztwz/Build/Products/Debug-iphonesimulator/url_launcher_ios/url_launcher_ios.framework/Headers\"\ SQLCipher\ /Users/wilmeralzate/Documents/GitHub/HearthBit/app/ios/Pods/SQLCipher
    export HOME\=/Users/wilmeralzate
    export HOST_ARCH\=arm64
    export HOST_PLATFORM\=macosx
    export ICONV\=/usr/bin/iconv
    export IMPLICIT_DEPENDENCY_DOMAIN\=default
    export INDEX_STORE_COMPRESS\=NO
    export INDEX_STORE_ONLY_PROJECT_FILES\=NO
    export INFOPLIST_ENABLE_CFBUNDLEICONS_MERGE\=YES
    export INFOPLIST_EXPAND_BUILD_SETTINGS\=YES
    export INFOPLIST_FILE\=Runner/Info.plist
    export INFOPLIST_KEY_LSApplicationCategoryType\=public.app-category.utilities
    export INFOPLIST_OUTPUT_FORMAT\=binary
    export INFOPLIST_PATH\=Runner.app/Info.plist
    export INFOPLIST_PREPROCESS\=NO
    export INFOSTRINGS_PATH\=Runner.app/en.lproj/InfoPlist.strings
    export INLINE_PRIVATE_FRAMEWORKS\=NO
    export INSTALLAPI_IGNORE_SKIP_INSTALL\=YES
    export INSTALLHDRS_COPY_PHASE\=NO
    export INSTALLHDRS_SCRIPT_PHASE\=NO
    export INSTALL_DIR\=/tmp/Runner.dst/Applications
    export INSTALL_GROUP\=staff
    export INSTALL_MODE_FLAG\=u+w,go-w,a+rX
    export INSTALL_OWNER\=wilmeralzate
    export INSTALL_PATH\=/Applications
    export INSTALL_ROOT\=/tmp/Runner.dst
    export IPHONEOS_DEPLOYMENT_TARGET\=16.0
    export IS_UNOPTIMIZED_BUILD\=YES
    export JAVAC_DEFAULT_FLAGS\=-J-Xms64m\ -J-XX:NewSize\=4M\ -J-Dfile.encoding\=UTF8
    export JAVA_APP_STUB\=/System/Library/Frameworks/JavaVM.framework/Resources/MacOS/JavaApplicationStub
    export JAVA_ARCHIVE_CLASSES\=YES
    export JAVA_ARCHIVE_TYPE\=JAR
    export JAVA_COMPILER\=/usr/bin/javac
    export JAVA_FOLDER_PATH\=Runner.app/Java
    export JAVA_FRAMEWORK_RESOURCES_DIRS\=Resources
    export JAVA_JAR_FLAGS\=cv
    export JAVA_SOURCE_SUBDIR\=.
    export JAVA_USE_DEPENDENCIES\=YES
    export JAVA_ZIP_FLAGS\=-urg
    export JIKES_DEFAULT_FLAGS\=+E\ +OLDCSO
    export KEEP_PRIVATE_EXTERNS\=NO
    export LD_DEPENDENCY_INFO_FILE\=/Users/wilmeralzate/Library/Developer/Xcode/DerivedData/Runner-euekkyiyeygqzlfvqhlkopdaztwz/Build/Intermediates.noindex/Runner.build/Debug-iphonesimulator/Runner.build/Objects-normal/undefined_arch/Runner_dependency_info.dat
    export LD_ENTITLEMENTS_SECTION\=/Users/wilmeralzate/Library/Developer/Xcode/DerivedData/Runner-euekkyiyeygqzlfvqhlkopdaztwz/Build/Intermediates.noindex/Runner.build/Debug-iphonesimulator/Runner.build/Runner.app-Simulated.xcent
    export LD_ENTITLEMENTS_SECTION_DER\=/Users/wilmeralzate/Library/Developer/Xcode/DerivedData/Runner-euekkyiyeygqzlfvqhlkopdaztwz/Build/Intermediates.noindex/Runner.build/Debug-iphonesimulator/Runner.build/Runner.app-Simulated.xcent.der
    export LD_EXPORT_SYMBOLS\=YES
    export LD_GENERATE_MAP_FILE\=NO
    export LD_MAP_FILE_PATH\=/Users/wilmeralzate/Library/Developer/Xcode/DerivedData/Runner-euekkyiyeygqzlfvqhlkopdaztwz/Build/Intermediates.noindex/Runner.build/Debug-iphonesimulator/Runner.build/Runner-LinkMap-normal-undefined_arch.txt
    export LD_NO_PIE\=NO
    export LD_QUOTE_LINKER_ARGUMENTS_FOR_COMPILER_DRIVER\=YES
    export LD_RUNPATH_SEARCH_PATHS\=\ /usr/lib/swift\ \'@executable_path/Frameworks\'\ \'@loader_path/Frameworks\'\ @executable_path/Frameworks
    export LD_RUNPATH_SEARCH_PATHS_YES\=@loader_path/../Frameworks
    export LD_SHARED_CACHE_ELIGIBLE\=Automatic
    export LD_WARN_DUPLICATE_LIBRARIES\=NO
    export LD_WARN_UNUSED_DYLIBS\=NO
    export LEGACY_DEVELOPER_DIR\=/Applications/Xcode.app/Contents/PlugIns/Xcode3Core.ideplugin/Contents/SharedSupport/Developer
    export LEX\=lex
    export LIBRARY_DEXT_INSTALL_PATH\=/Library/DriverExtensions
    export LIBRARY_FLAG_NOSPACE\=YES
    export LIBRARY_FLAG_PREFIX\=-l
    export LIBRARY_KEXT_INSTALL_PATH\=/Library/Extensions
    export LIBRARY_SEARCH_PATHS\=/Users/wilmeralzate/Library/Developer/Xcode/DerivedData/Runner-euekkyiyeygqzlfvqhlkopdaztwz/Build/Products/Debug-iphonesimulator\ /Applications/Xcode.app/Contents/Developer/Toolchains/XcodeDefault.xctoolchain/usr/lib/swift/iphonesimulator\ /Applications/Xcode.app/Contents/Developer/Platforms/iPhoneSimulator.platform/Developer/SDKs/iPhoneSimulator26.5.sdk/usr/lib/swift\ /Applications/Xcode.app/Contents/Developer/Toolchains/XcodeDefault.xctoolchain/usr/lib/swift/iphonesimulator\ /Applications/Xcode.app/Contents/Developer/Platforms/iPhoneSimulator.platform/Developer/SDKs/iPhoneSimulator26.5.sdk/usr/lib/swift
    export LINKER_DISPLAYS_MANGLED_NAMES\=NO
    export LINK_FILE_LIST_normal_arm64\=/Users/wilmeralzate/Library/Developer/Xcode/DerivedData/Runner-euekkyiyeygqzlfvqhlkopdaztwz/Build/Intermediates.noindex/Runner.build/Debug-iphonesimulator/Runner.build/Objects-normal/arm64/Runner.LinkFileList
    export LINK_OBJC_RUNTIME\=YES
    export LINK_WITH_STANDARD_LIBRARIES\=YES
    export LLVM_TARGET_TRIPLE_OS_VERSION\=ios16.0
    export LLVM_TARGET_TRIPLE_SUFFIX\=-simulator
    export LLVM_TARGET_TRIPLE_VENDOR\=apple
    export LM_AUX_CONST_METADATA_LIST_PATH_normal_arm64\=/Users/wilmeralzate/Library/Developer/Xcode/DerivedData/Runner-euekkyiyeygqzlfvqhlkopdaztwz/Build/Intermediates.noindex/Runner.build/Debug-iphonesimulator/Runner.build/Objects-normal/arm64/Runner.SwiftConstValuesFileList
    export LOCALIZATION_EXPORT_SUPPORTED\=YES
    export LOCALIZATION_PREFERS_STRING_CATALOGS\=NO
    export LOCALIZED_RESOURCES_FOLDER_PATH\=Runner.app/en.lproj
    export LOCALIZED_STRING_CODE_COMMENTS\=NO
    export LOCALIZED_STRING_MACRO_NAMES\=NSLocalizedString\ CFCopyLocalizedString
    export LOCALIZED_STRING_SWIFTUI_SUPPORT\=YES
    export LOCAL_ADMIN_APPS_DIR\=/Applications/Utilities
    export LOCAL_APPS_DIR\=/Applications
    export LOCAL_DEVELOPER_DIR\=/Library/Developer
    export LOCAL_LIBRARY_DIR\=/Library
    export LOCROOT\=/Users/wilmeralzate/Documents/GitHub/HearthBit/app/ios
    export LOCSYMROOT\=/Users/wilmeralzate/Documents/GitHub/HearthBit/app/ios
    export MACH_O_TYPE\=mh_execute
    export MAC_OS_X_PRODUCT_BUILD_VERSION\=25G76
    export MAC_OS_X_VERSION_ACTUAL\=260601
    export MAC_OS_X_VERSION_MAJOR\=260000
    export MAC_OS_X_VERSION_MINOR\=260600
    export MAKE_MERGEABLE\=NO
    export MERGEABLE_LIBRARY\=NO
    export MERGED_BINARY_TYPE\=none
    export MERGE_LINKED_LIBRARIES\=NO
    export METAL_LIBRARY_FILE_BASE\=default
    export METAL_LIBRARY_OUTPUT_DIR\=/Users/wilmeralzate/Library/Developer/Xcode/DerivedData/Runner-euekkyiyeygqzlfvqhlkopdaztwz/Build/Products/Debug-iphonesimulator/Runner.app
    export MODULES_FOLDER_PATH\=Runner.app/Modules
    export MODULE_CACHE_DIR\=/Users/wilmeralzate/Library/Developer/Xcode/DerivedData/ModuleCache.noindex
    export MTL_ENABLE_DEBUG_INFO\=YES
    export NATIVE_ARCH\=arm64
    export NATIVE_ARCH_32_BIT\=arm
    export NATIVE_ARCH_64_BIT\=arm64
    export NATIVE_ARCH_ACTUAL\=arm64
    export NO_COMMON\=YES
    export OBJC_ABI_VERSION\=2
    export OBJECT_FILE_DIR\=/Users/wilmeralzate/Library/Developer/Xcode/DerivedData/Runner-euekkyiyeygqzlfvqhlkopdaztwz/Build/Intermediates.noindex/Runner.build/Debug-iphonesimulator/Runner.build/Objects
    export OBJECT_FILE_DIR_normal\=/Users/wilmeralzate/Library/Developer/Xcode/DerivedData/Runner-euekkyiyeygqzlfvqhlkopdaztwz/Build/Intermediates.noindex/Runner.build/Debug-iphonesimulator/Runner.build/Objects-normal
    export OBJROOT\=/Users/wilmeralzate/Library/Developer/Xcode/DerivedData/Runner-euekkyiyeygqzlfvqhlkopdaztwz/Build/Intermediates.noindex
    export ONLY_ACTIVE_ARCH\=YES
    export OS\=MACOS
    export OSAC\=/usr/bin/osacompile
    export OTHER_CFLAGS\=\ -DSQLITE_HAS_CODEC\ -DHAVE_USLEEP\=1\ -DSQLCIPHER_CRYPTO\ \ -DSQLITE_HAS_CODEC\ -DSQLITE_TEMP_STORE\=2\ -DSQLITE_SOUNDEX\ -DSQLITE_THREADSAFE\ -DSQLITE_ENABLE_RTREE\ -DSQLITE_ENABLE_STAT3\ -DSQLITE_ENABLE_STAT4\ -DSQLITE_ENABLE_COLUMN_METADATA\ -DSQLITE_ENABLE_MEMORY_MANAGEMENT\ -DSQLITE_ENABLE_LOAD_EXTENSION\ -DSQLITE_ENABLE_FTS4\ -DSQLITE_ENABLE_FTS4_UNICODE61\ -DSQLITE_ENABLE_FTS3_PARENTHESIS\ -DSQLITE_ENABLE_UNLOCK_NOTIFY\ -DSQLITE_ENABLE_JSON1\ -DSQLITE_ENABLE_FTS5\ -DSQLCIPHER_CRYPTO_CC\ -DHAVE_USLEEP\=1\ -DSQLITE_MAX_VARIABLE_NUMBER\=99999\ -DSQLITE_EXTRA_INIT\=sqlcipher_extra_init\ -DSQLITE_EXTRA_SHUTDOWN\=sqlcipher_extra_shutdown
    export OTHER_CPLUSPLUSFLAGS\=\ -DSQLITE_HAS_CODEC\ -DHAVE_USLEEP\=1\ -DSQLCIPHER_CRYPTO\ \ -DSQLITE_HAS_CODEC\ -DSQLITE_TEMP_STORE\=2\ -DSQLITE_SOUNDEX\ -DSQLITE_THREADSAFE\ -DSQLITE_ENABLE_RTREE\ -DSQLITE_ENABLE_STAT3\ -DSQLITE_ENABLE_STAT4\ -DSQLITE_ENABLE_COLUMN_METADATA\ -DSQLITE_ENABLE_MEMORY_MANAGEMENT\ -DSQLITE_ENABLE_LOAD_EXTENSION\ -DSQLITE_ENABLE_FTS4\ -DSQLITE_ENABLE_FTS4_UNICODE61\ -DSQLITE_ENABLE_FTS3_PARENTHESIS\ -DSQLITE_ENABLE_UNLOCK_NOTIFY\ -DSQLITE_ENABLE_JSON1\ -DSQLITE_ENABLE_FTS5\ -DSQLCIPHER_CRYPTO_CC\ -DHAVE_USLEEP\=1\ -DSQLITE_MAX_VARIABLE_NUMBER\=99999\ -DSQLITE_EXTRA_INIT\=sqlcipher_extra_init\ -DSQLITE_EXTRA_SHUTDOWN\=sqlcipher_extra_shutdown
    export OTHER_LDFLAGS\=\ -framework\ \"FMDB\"\ -framework\ \"Foundation\"\ -framework\ \"SQLCipher\"\ -framework\ \"Security\"\ -framework\ \"audioplayers_darwin\"\ -framework\ \"connectivity_plus\"\ -framework\ \"file_selector_ios\"\ -framework\ \"flutter_compass\"\ -framework\ \"flutter_secure_storage_darwin\"\ -framework\ \"geolocator_apple\"\ -framework\ \"mobile_scanner\"\ -framework\ \"package_info_plus\"\ -framework\ \"record_ios\"\ -framework\ \"share_plus\"\ -framework\ \"shared_preferences_foundation\"\ -framework\ \"sqflite_sqlcipher\"\ -framework\ \"url_launcher_ios\"\ -weak_framework\ \"LinkPresentation\"
    export OTHER_MODULE_VERIFIER_FLAGS\=\ \"-F/Users/wilmeralzate/Library/Developer/Xcode/DerivedData/Runner-euekkyiyeygqzlfvqhlkopdaztwz/Build/Products/Debug-iphonesimulator/FMDB\"\ \"-F/Users/wilmeralzate/Library/Developer/Xcode/DerivedData/Runner-euekkyiyeygqzlfvqhlkopdaztwz/Build/Products/Debug-iphonesimulator/Flutter\"\ \"-F/Users/wilmeralzate/Library/Developer/Xcode/DerivedData/Runner-euekkyiyeygqzlfvqhlkopdaztwz/Build/Products/Debug-iphonesimulator/SQLCipher\"\ \"-F/Users/wilmeralzate/Library/Developer/Xcode/DerivedData/Runner-euekkyiyeygqzlfvqhlkopdaztwz/Build/Products/Debug-iphonesimulator/audioplayers_darwin\"\ \"-F/Users/wilmeralzate/Library/Developer/Xcode/DerivedData/Runner-euekkyiyeygqzlfvqhlkopdaztwz/Build/Products/Debug-iphonesimulator/connectivity_plus\"\ \"-F/Users/wilmeralzate/Library/Developer/Xcode/DerivedData/Runner-euekkyiyeygqzlfvqhlkopdaztwz/Build/Products/Debug-iphonesimulator/file_selector_ios\"\ \"-F/Users/wilmeralzate/Library/Developer/Xcode/DerivedData/Runner-euekkyiyeygqzlfvqhlkopdaztwz/Build/Products/Debug-iphonesimulator/flutter_compass\"\ \"-F/Users/wilmeralzate/Library/Developer/Xcode/DerivedData/Runner-euekkyiyeygqzlfvqhlkopdaztwz/Build/Products/Debug-iphonesimulator/flutter_secure_storage_darwin\"\ \"-F/Users/wilmeralzate/Library/Developer/Xcode/DerivedData/Runner-euekkyiyeygqzlfvqhlkopdaztwz/Build/Products/Debug-iphonesimulator/geolocator_apple\"\ \"-F/Users/wilmeralzate/Library/Developer/Xcode/DerivedData/Runner-euekkyiyeygqzlfvqhlkopdaztwz/Build/Products/Debug-iphonesimulator/mobile_scanner\"\ \"-F/Users/wilmeralzate/Library/Developer/Xcode/DerivedData/Runner-euekkyiyeygqzlfvqhlkopdaztwz/Build/Products/Debug-iphonesimulator/package_info_plus\"\ \"-F/Users/wilmeralzate/Library/Developer/Xcode/DerivedData/Runner-euekkyiyeygqzlfvqhlkopdaztwz/Build/Products/Debug-iphonesimulator/record_ios\"\ \"-F/Users/wilmeralzate/Library/Developer/Xcode/DerivedData/Runner-euekkyiyeygqzlfvqhlkopdaztwz/Build/Products/Debug-iphonesimulator/share_plus\"\ \"-F/Users/wilmeralzate/Library/Developer/Xcode/DerivedData/Runner-euekkyiyeygqzlfvqhlkopdaztwz/Build/Products/Debug-iphonesimulator/shared_preferences_foundation\"\ \"-F/Users/wilmeralzate/Library/Developer/Xcode/DerivedData/Runner-euekkyiyeygqzlfvqhlkopdaztwz/Build/Products/Debug-iphonesimulator/sqflite_sqlcipher\"\ \"-F/Users/wilmeralzate/Library/Developer/Xcode/DerivedData/Runner-euekkyiyeygqzlfvqhlkopdaztwz/Build/Products/Debug-iphonesimulator/url_launcher_ios\"
    export OTHER_SWIFT_FLAGS\=\ -D\ COCOAPODS
    export PACKAGE_CONFIG\=/Users/wilmeralzate/Documents/GitHub/HearthBit/app/.dart_tool/package_config.json
    export PACKAGE_TYPE\=com.apple.package-type.wrapper.application
    export PASCAL_STRINGS\=YES
    export PATH\=/Applications/Xcode.app/Contents/SharedFrameworks/SwiftBuild.framework/Versions/A/PlugIns/SWBBuildService.bundle/Contents/PlugIns/SWBUniversalPlatformPlugin.bundle/Contents/Frameworks/SWBUniversalPlatform.framework/Resources:/Applications/Xcode.app/Contents/Developer/Toolchains/XcodeDefault.xctoolchain/usr/bin:/Applications/Xcode.app/Contents/Developer/Toolchains/XcodeDefault.xctoolchain/usr/local/bin:/Applications/Xcode.app/Contents/Developer/Toolchains/XcodeDefault.xctoolchain/usr/libexec:/Applications/Xcode.app/Contents/Developer/Platforms/iPhoneSimulator.platform/usr/bin:/Applications/Xcode.app/Contents/Developer/Platforms/iPhoneSimulator.platform/usr/local/bin:/Applications/Xcode.app/Contents/Developer/Platforms/iPhoneSimulator.platform/Developer/usr/bin:/Applications/Xcode.app/Contents/Developer/Platforms/iPhoneSimulator.platform/Developer/usr/local/bin:/Applications/Xcode.app/Contents/Developer/usr/bin:/Applications/Xcode.app/Contents/Developer/usr/local/bin:/Users/wilmeralzate/development/flutter/bin:/Users/wilmeralzate/flutter/bin:/Users/wilmeralzate/.local/bin:/Users/wilmeralzate/.local/share/mise/installs/ruby/3.3.12/bin:/usr/local/bin:/System/Cryptexes/App/usr/bin:/usr/bin:/bin:/usr/sbin:/sbin:/var/run/com.apple.security.cryptexd/codex.system/bootstrap/usr/local/bin:/var/run/com.apple.security.cryptexd/codex.system/bootstrap/usr/bin:/var/run/com.apple.security.cryptexd/codex.system/bootstrap/usr/appleinternal/bin:/pkg/env/global/bin:/Library/Apple/usr/bin:/Applications/Cursor.app/Contents/Resources/app/node_modules/@vscode/ripgrep/bin
    export PATH_PREFIXES_EXCLUDED_FROM_HEADER_DEPENDENCIES\=/usr/include\ /usr/local/include\ /System/Library/Frameworks\ /System/Library/PrivateFrameworks\ /Applications/Xcode.app/Contents/Developer/Headers\ /Applications/Xcode.app/Contents/Developer/SDKs\ /Applications/Xcode.app/Contents/Developer/Platforms
    export PBDEVELOPMENTPLIST_PATH\=Runner.app/pbdevelopment.plist
    export PER_ARCH_MODULE_FILE_DIR\=/Users/wilmeralzate/Library/Developer/Xcode/DerivedData/Runner-euekkyiyeygqzlfvqhlkopdaztwz/Build/Intermediates.noindex/Runner.build/Debug-iphonesimulator/Runner.build/Objects-normal/undefined_arch
    export PER_ARCH_OBJECT_FILE_DIR\=/Users/wilmeralzate/Library/Developer/Xcode/DerivedData/Runner-euekkyiyeygqzlfvqhlkopdaztwz/Build/Intermediates.noindex/Runner.build/Debug-iphonesimulator/Runner.build/Objects-normal/undefined_arch
    export PER_VARIANT_OBJECT_FILE_DIR\=/Users/wilmeralzate/Library/Developer/Xcode/DerivedData/Runner-euekkyiyeygqzlfvqhlkopdaztwz/Build/Intermediates.noindex/Runner.build/Debug-iphonesimulator/Runner.build/Objects-normal
    export PKGINFO_FILE_PATH\=/Users/wilmeralzate/Library/Developer/Xcode/DerivedData/Runner-euekkyiyeygqzlfvqhlkopdaztwz/Build/Intermediates.noindex/Runner.build/Debug-iphonesimulator/Runner.build/PkgInfo
    export PKGINFO_PATH\=Runner.app/PkgInfo
    export PLATFORM_DEVELOPER_APPLICATIONS_DIR\=/Applications/Xcode.app/Contents/Developer/Platforms/iPhoneSimulator.platform/Developer/Applications
    export PLATFORM_DEVELOPER_BIN_DIR\=/Applications/Xcode.app/Contents/Developer/Platforms/iPhoneSimulator.platform/Developer/usr/bin
    export PLATFORM_DEVELOPER_LIBRARY_DIR\=/Applications/Xcode.app/Contents/Developer/Platforms/iPhoneSimulator.platform/Developer/Library
    export PLATFORM_DEVELOPER_SDK_DIR\=/Applications/Xcode.app/Contents/Developer/Platforms/iPhoneSimulator.platform/Developer/SDKs
    export PLATFORM_DEVELOPER_TOOLS_DIR\=/Applications/Xcode.app/Contents/Developer/Platforms/iPhoneSimulator.platform/Developer/Tools
    export PLATFORM_DEVELOPER_USR_DIR\=/Applications/Xcode.app/Contents/Developer/Platforms/iPhoneSimulator.platform/Developer/usr
    export PLATFORM_DIR\=/Applications/Xcode.app/Contents/Developer/Platforms/iPhoneSimulator.platform
    export PLATFORM_DISPLAY_NAME\=iOS\ Simulator
    export PLATFORM_FAMILY_NAME\=iOS
    export PLATFORM_NAME\=iphonesimulator
    export PLATFORM_PREFERRED_ARCH\=x86_64
    export PLATFORM_PRODUCT_BUILD_VERSION\=23F81a
    export PLATFORM_REQUIRES_SWIFT_AUTOLINK_EXTRACT\=NO
    export PLATFORM_REQUIRES_SWIFT_MODULEWRAP\=NO
    export PLATFORM_USES_DSYMS\=YES
    export PLIST_FILE_OUTPUT_FORMAT\=binary
    export PLUGINS_FOLDER_PATH\=Runner.app/PlugIns
    export PODS_BUILD_DIR\=/Users/wilmeralzate/Library/Developer/Xcode/DerivedData/Runner-euekkyiyeygqzlfvqhlkopdaztwz/Build/Products
    export PODS_CONFIGURATION_BUILD_DIR\=/Users/wilmeralzate/Library/Developer/Xcode/DerivedData/Runner-euekkyiyeygqzlfvqhlkopdaztwz/Build/Products/Debug-iphonesimulator
    export PODS_PODFILE_DIR_PATH\=/Users/wilmeralzate/Documents/GitHub/HearthBit/app/ios/.
    export PODS_ROOT\=/Users/wilmeralzate/Documents/GitHub/HearthBit/app/ios/Pods
    export PODS_XCFRAMEWORKS_BUILD_DIR\=/Users/wilmeralzate/Library/Developer/Xcode/DerivedData/Runner-euekkyiyeygqzlfvqhlkopdaztwz/Build/Products/Debug-iphonesimulator/XCFrameworkIntermediates
    export PRECOMPS_INCLUDE_HEADERS_FROM_BUILT_PRODUCTS_DIR\=YES
    export PRECOMP_DESTINATION_DIR\=/Users/wilmeralzate/Library/Developer/Xcode/DerivedData/Runner-euekkyiyeygqzlfvqhlkopdaztwz/Build/Intermediates.noindex/Runner.build/Debug-iphonesimulator/Runner.build/PrefixHeaders
    export PRIVATE_HEADERS_FOLDER_PATH\=Runner.app/PrivateHeaders
    export PROCESSED_INFOPLIST_PATH\=/Users/wilmeralzate/Library/Developer/Xcode/DerivedData/Runner-euekkyiyeygqzlfvqhlkopdaztwz/Build/Intermediates.noindex/Runner.build/Debug-iphonesimulator/Runner.build/Objects-normal/undefined_arch/Processed-Info.plist
    export PRODUCT_BUNDLE_IDENTIFIER\=com.hearthbit.app
    export PRODUCT_BUNDLE_PACKAGE_TYPE\=APPL
    export PRODUCT_MODULE_NAME\=Runner
    export PRODUCT_NAME\=Runner
    export PRODUCT_SETTINGS_PATH\=/Users/wilmeralzate/Documents/GitHub/HearthBit/app/ios/Runner/Info.plist
    export PRODUCT_TYPE\=com.apple.product-type.application
    export PROFILING_CODE\=NO
    export PROJECT\=Runner
    export PROJECT_DERIVED_FILE_DIR\=/Users/wilmeralzate/Library/Developer/Xcode/DerivedData/Runner-euekkyiyeygqzlfvqhlkopdaztwz/Build/Intermediates.noindex/Runner.build/DerivedSources
    export PROJECT_DIR\=/Users/wilmeralzate/Documents/GitHub/HearthBit/app/ios
    export PROJECT_FILE_PATH\=/Users/wilmeralzate/Documents/GitHub/HearthBit/app/ios/Runner.xcodeproj
    export PROJECT_GUID\=18c1723432283e0cc55f10a6dcfd9e02
    export PROJECT_NAME\=Runner
    export PROJECT_TEMP_DIR\=/Users/wilmeralzate/Library/Developer/Xcode/DerivedData/Runner-euekkyiyeygqzlfvqhlkopdaztwz/Build/Intermediates.noindex/Runner.build
    export PROJECT_TEMP_ROOT\=/Users/wilmeralzate/Library/Developer/Xcode/DerivedData/Runner-euekkyiyeygqzlfvqhlkopdaztwz/Build/Intermediates.noindex
    export PROVISIONING_PROFILE_REQUIRED\=NO
    export PROVISIONING_PROFILE_REQUIRED_YES_YES\=YES
    export PROVISIONING_PROFILE_SUPPORTED\=YES
    export PUBLIC_HEADERS_FOLDER_PATH\=Runner.app/Headers
    export RECOMMENDED_IPHONEOS_DEPLOYMENT_TARGET\=15.0
    export RECURSIVE_SEARCH_PATHS_FOLLOW_SYMLINKS\=YES
    export REMOVE_CVS_FROM_RESOURCES\=YES
    export REMOVE_GIT_FROM_RESOURCES\=YES
    export REMOVE_HEADERS_FROM_EMBEDDED_BUNDLES\=YES
    export REMOVE_HG_FROM_RESOURCES\=YES
    export REMOVE_STATIC_EXECUTABLES_FROM_EMBEDDED_BUNDLES\=YES
    export REMOVE_SVN_FROM_RESOURCES\=YES
    export RESCHEDULE_INDEPENDENT_HEADERS_PHASES\=YES
    export REZ_COLLECTOR_DIR\=/Users/wilmeralzate/Library/Developer/Xcode/DerivedData/Runner-euekkyiyeygqzlfvqhlkopdaztwz/Build/Intermediates.noindex/Runner.build/Debug-iphonesimulator/Runner.build/ResourceManagerResources
    export REZ_OBJECTS_DIR\=/Users/wilmeralzate/Library/Developer/Xcode/DerivedData/Runner-euekkyiyeygqzlfvqhlkopdaztwz/Build/Intermediates.noindex/Runner.build/Debug-iphonesimulator/Runner.build/ResourceManagerResources/Objects
    export REZ_SEARCH_PATHS\=/Users/wilmeralzate/Library/Developer/Xcode/DerivedData/Runner-euekkyiyeygqzlfvqhlkopdaztwz/Build/Products/Debug-iphonesimulator\ 
    export RPATH_ORIGIN\=@loader_path
    export RUNTIME_EXCEPTION_ALLOW_DYLD_ENVIRONMENT_VARIABLES\=NO
    export RUNTIME_EXCEPTION_ALLOW_JIT\=NO
    export RUNTIME_EXCEPTION_ALLOW_UNSIGNED_EXECUTABLE_MEMORY\=NO
    export RUNTIME_EXCEPTION_DEBUGGING_TOOL\=NO
    export RUNTIME_EXCEPTION_DISABLE_EXECUTABLE_PAGE_PROTECTION\=NO
    export RUNTIME_EXCEPTION_DISABLE_LIBRARY_VALIDATION\=NO
    export SCANNING_PCM_KEEP_CACHE_DIRECTORY\=YES
    export SCAN_ALL_SOURCE_FILES_FOR_INCLUDES\=NO
    export SCRIPTS_FOLDER_PATH\=Runner.app/Scripts
    export SCRIPT_INPUT_FILE_0\=/Users/wilmeralzate/Library/Developer/Xcode/DerivedData/Runner-euekkyiyeygqzlfvqhlkopdaztwz/Build/Products/Debug-iphonesimulator/Runner.app/Info.plist
    export SCRIPT_INPUT_FILE_COUNT\=1
    export SCRIPT_INPUT_FILE_LIST_COUNT\=0
    export SCRIPT_OUTPUT_FILE_COUNT\=0
    export SCRIPT_OUTPUT_FILE_LIST_COUNT\=0
    export SDKROOT\=/Applications/Xcode.app/Contents/Developer/Platforms/iPhoneSimulator.platform/Developer/SDKs/iPhoneSimulator26.5.sdk
    export SDK_DIR\=/Applications/Xcode.app/Contents/Developer/Platforms/iPhoneSimulator.platform/Developer/SDKs/iPhoneSimulator26.5.sdk
    export SDK_DIR_iphonesimulator\=/Applications/Xcode.app/Contents/Developer/Platforms/iPhoneSimulator.platform/Developer/SDKs/iPhoneSimulator26.5.sdk
    export SDK_DIR_iphonesimulator26_5\=/Applications/Xcode.app/Contents/Developer/Platforms/iPhoneSimulator.platform/Developer/SDKs/iPhoneSimulator26.5.sdk
    export SDK_NAME\=iphonesimulator26.5
    export SDK_NAMES\=iphonesimulator26.5
    export SDK_PRODUCT_BUILD_VERSION\=23F81a
    export SDK_STAT_CACHE_DIR\=/Users/wilmeralzate/Library/Developer/Xcode/DerivedData
    export SDK_STAT_CACHE_ENABLE\=YES
    export SDK_STAT_CACHE_PATH\=/Users/wilmeralzate/Library/Developer/Xcode/DerivedData/SDKStatCaches.noindex/iphonesimulator26.5-23F81a-6cfe768891a92b912361537c460fe42b.sdkstatcache
    export SDK_VERSION\=26.5
    export SDK_VERSION_ACTUAL\=260500
    export SDK_VERSION_MAJOR\=260000
    export SDK_VERSION_MINOR\=260500
    export SED\=/usr/bin/sed
    export SEPARATE_STRIP\=NO
    export SEPARATE_SYMBOL_EDIT\=NO
    export SET_DIR_MODE_OWNER_GROUP\=YES
    export SET_FILE_MODE_OWNER_GROUP\=NO
    export SHALLOW_BUNDLE\=YES
    export SHALLOW_BUNDLE_TRIPLE\=ios-simulator
    export SHALLOW_BUNDLE_ios_macabi\=NO
    export SHALLOW_BUNDLE_macos\=NO
    export SHARED_DERIVED_FILE_DIR\=/Users/wilmeralzate/Library/Developer/Xcode/DerivedData/Runner-euekkyiyeygqzlfvqhlkopdaztwz/Build/Products/Debug-iphonesimulator/DerivedSources
    export SHARED_FRAMEWORKS_FOLDER_PATH\=Runner.app/SharedFrameworks
    export SHARED_PRECOMPS_DIR\=/Users/wilmeralzate/Library/Developer/Xcode/DerivedData/Runner-euekkyiyeygqzlfvqhlkopdaztwz/Build/Intermediates.noindex/PrecompiledHeaders
    export SHARED_SUPPORT_FOLDER_PATH\=Runner.app/SharedSupport
    export SKIP_INSTALL\=NO
    export SKIP_MERGEABLE_LIBRARY_BUNDLE_HOOK\=NO
    export SOURCE_ROOT\=/Users/wilmeralzate/Documents/GitHub/HearthBit/app/ios
    export SRCROOT\=/Users/wilmeralzate/Documents/GitHub/HearthBit/app/ios
    export STRINGSDATA_DIR\=/Users/wilmeralzate/Library/Developer/Xcode/DerivedData/Runner-euekkyiyeygqzlfvqhlkopdaztwz/Build/Intermediates.noindex/Runner.build/Debug-iphonesimulator/Runner.build/Objects-normal/undefined_arch
    export STRINGSDATA_ROOT\=/Users/wilmeralzate/Library/Developer/Xcode/DerivedData/Runner-euekkyiyeygqzlfvqhlkopdaztwz/Build/Intermediates.noindex/Runner.build/Debug-iphonesimulator/Runner.build
    export STRINGS_FILE_INFOPLIST_RENAME\=YES
    export STRINGS_FILE_OUTPUT_ENCODING\=binary
    export STRING_CATALOG_GENERATE_SYMBOLS\=NO
    export STRIP_BITCODE_FROM_COPIED_FILES\=NO
    export STRIP_INSTALLED_PRODUCT\=NO
    export STRIP_STYLE\=all
    export STRIP_SWIFT_SYMBOLS\=YES
    export SUPPORTED_DEVICE_FAMILIES\=1,2
    export SUPPORTED_PLATFORMS\=iphoneos\ iphonesimulator
    export SUPPORTS_MACCATALYST\=NO
    export SUPPORTS_ON_DEMAND_RESOURCES\=YES
    export SUPPORTS_TEXT_BASED_API\=NO
    export SUPPRESS_WARNINGS\=NO
    export SWIFT_EMIT_CONST_VALUE_PROTOCOLS\=AnyResolverProviding\ AppEntity\ AppEnum\ AppExtension\ AppIntent\ AppIntentsPackage\ AppShortcutProviding\ AppShortcutsProvider\ AppUnionValue\ AppUnionValueCasesProviding\ DynamicOptionsProvider\ EntityQuery\ ExtensionPointDefining\ IntentValueQuery\ Resolver\ TransientEntity\ _AssistantIntentsProvider\ _GenerativeFunctionExtractable\ _IntentValueRepresentable
    export SWIFT_EMIT_LOC_STRINGS\=NO
    export SWIFT_ENABLE_EXPLICIT_MODULES\=YES
    export SWIFT_OBJC_BRIDGING_HEADER\=Runner/Runner-Bridging-Header.h
    export SWIFT_OPTIMIZATION_LEVEL\=-Onone
    export SWIFT_PLATFORM_TARGET_PREFIX\=ios
    export SWIFT_RESPONSE_FILE_PATH_normal_arm64\=/Users/wilmeralzate/Library/Developer/Xcode/DerivedData/Runner-euekkyiyeygqzlfvqhlkopdaztwz/Build/Intermediates.noindex/Runner.build/Debug-iphonesimulator/Runner.build/Objects-normal/arm64/Runner.SwiftFileList
    export SWIFT_VERSION\=5.0
    export SYMROOT\=/Users/wilmeralzate/Library/Developer/Xcode/DerivedData/Runner-euekkyiyeygqzlfvqhlkopdaztwz/Build/Products
    export SYSTEM_ADMIN_APPS_DIR\=/Applications/Utilities
    export SYSTEM_APPS_DIR\=/Applications
    export SYSTEM_CORE_SERVICES_DIR\=/System/Library/CoreServices
    export SYSTEM_DEMOS_DIR\=/Applications/Extras
    export SYSTEM_DEVELOPER_APPS_DIR\=/Applications/Xcode.app/Contents/Developer/Applications
    export SYSTEM_DEVELOPER_BIN_DIR\=/Applications/Xcode.app/Contents/Developer/usr/bin
    export SYSTEM_DEVELOPER_DEMOS_DIR\=/Applications/Xcode.app/Contents/Developer/Applications/Utilities/Built\ Examples
    export SYSTEM_DEVELOPER_DIR\=/Applications/Xcode.app/Contents/Developer
    export SYSTEM_DEVELOPER_DOC_DIR\=/Applications/Xcode.app/Contents/Developer/ADC\ Reference\ Library
    export SYSTEM_DEVELOPER_GRAPHICS_TOOLS_DIR\=/Applications/Xcode.app/Contents/Developer/Applications/Graphics\ Tools
    export SYSTEM_DEVELOPER_JAVA_TOOLS_DIR\=/Applications/Xcode.app/Contents/Developer/Applications/Java\ Tools
    export SYSTEM_DEVELOPER_PERFORMANCE_TOOLS_DIR\=/Applications/Xcode.app/Contents/Developer/Applications/Performance\ Tools
    export SYSTEM_DEVELOPER_RELEASENOTES_DIR\=/Applications/Xcode.app/Contents/Developer/ADC\ Reference\ Library/releasenotes
    export SYSTEM_DEVELOPER_TOOLS\=/Applications/Xcode.app/Contents/Developer/Tools
    export SYSTEM_DEVELOPER_TOOLS_DOC_DIR\=/Applications/Xcode.app/Contents/Developer/ADC\ Reference\ Library/documentation/DeveloperTools
    export SYSTEM_DEVELOPER_TOOLS_RELEASENOTES_DIR\=/Applications/Xcode.app/Contents/Developer/ADC\ Reference\ Library/releasenotes/DeveloperTools
    export SYSTEM_DEVELOPER_USR_DIR\=/Applications/Xcode.app/Contents/Developer/usr
    export SYSTEM_DEVELOPER_UTILITIES_DIR\=/Applications/Xcode.app/Contents/Developer/Applications/Utilities
    export SYSTEM_DEXT_INSTALL_PATH\=/System/Library/DriverExtensions
    export SYSTEM_DOCUMENTATION_DIR\=/Library/Documentation
    export SYSTEM_EXTENSIONS_FOLDER_PATH\=Runner.app/SystemExtensions
    export SYSTEM_EXTENSIONS_FOLDER_PATH_SHALLOW_BUNDLE_NO\=Runner.app/Library/SystemExtensions
    export SYSTEM_EXTENSIONS_FOLDER_PATH_SHALLOW_BUNDLE_YES\=Runner.app/SystemExtensions
    export SYSTEM_KEXT_INSTALL_PATH\=/System/Library/Extensions
    export SYSTEM_LIBRARY_DIR\=/System/Library
    export TAPI_DEMANGLE\=YES
    export TAPI_ENABLE_PROJECT_HEADERS\=NO
    export TAPI_LANGUAGE\=objective-c
    export TAPI_LANGUAGE_STANDARD\=compiler-default
    export TAPI_USE_SRCROOT\=YES
    export TAPI_VERIFY_MODE\=Pedantic
    export TARGETED_DEVICE_FAMILY\=1,2
    export TARGETNAME\=Runner
    export TARGET_BUILD_DIR\=/Users/wilmeralzate/Library/Developer/Xcode/DerivedData/Runner-euekkyiyeygqzlfvqhlkopdaztwz/Build/Products/Debug-iphonesimulator
    export TARGET_DEVICE_IDENTIFIER\=894F1685-0AC2-44A3-9BAA-BC0D1EA5E7F1
    export TARGET_DEVICE_MODEL\=iPhone18,1
    export TARGET_DEVICE_OS_VERSION\=26.5
    export TARGET_DEVICE_PLATFORM_NAME\=iphonesimulator
    export TARGET_NAME\=Runner
    export TARGET_TEMP_DIR\=/Users/wilmeralzate/Library/Developer/Xcode/DerivedData/Runner-euekkyiyeygqzlfvqhlkopdaztwz/Build/Intermediates.noindex/Runner.build/Debug-iphonesimulator/Runner.build
    export TEMP_DIR\=/Users/wilmeralzate/Library/Developer/Xcode/DerivedData/Runner-euekkyiyeygqzlfvqhlkopdaztwz/Build/Intermediates.noindex/Runner.build/Debug-iphonesimulator/Runner.build
    export TEMP_FILES_DIR\=/Users/wilmeralzate/Library/Developer/Xcode/DerivedData/Runner-euekkyiyeygqzlfvqhlkopdaztwz/Build/Intermediates.noindex/Runner.build/Debug-iphonesimulator/Runner.build
    export TEMP_FILE_DIR\=/Users/wilmeralzate/Library/Developer/Xcode/DerivedData/Runner-euekkyiyeygqzlfvqhlkopdaztwz/Build/Intermediates.noindex/Runner.build/Debug-iphonesimulator/Runner.build
    export TEMP_ROOT\=/Users/wilmeralzate/Library/Developer/Xcode/DerivedData/Runner-euekkyiyeygqzlfvqhlkopdaztwz/Build/Intermediates.noindex
    export TEMP_SANDBOX_DIR\=/Users/wilmeralzate/Library/Developer/Xcode/DerivedData/Runner-euekkyiyeygqzlfvqhlkopdaztwz/Build/Intermediates.noindex/TemporaryTaskSandboxes
    export TEST_FRAMEWORK_SEARCH_PATHS\=\ /Applications/Xcode.app/Contents/Developer/Platforms/iPhoneSimulator.platform/Developer/Library/Frameworks\ /Applications/Xcode.app/Contents/Developer/Platforms/iPhoneSimulator.platform/Developer/SDKs/iPhoneSimulator26.5.sdk/Developer/Library/Frameworks
    export TEST_LIBRARY_SEARCH_PATHS\=\ /Applications/Xcode.app/Contents/Developer/Platforms/iPhoneSimulator.platform/Developer/usr/lib
    export TOOLCHAINS\=com.apple.dt.toolchain.XcodeDefault
    export TOOLCHAIN_DIR\=/Applications/Xcode.app/Contents/Developer/Toolchains/XcodeDefault.xctoolchain
    export TRACK_WIDGET_CREATION\=true
    export TREAT_MISSING_BASELINES_AS_TEST_FAILURES\=NO
    export TREAT_MISSING_SCRIPT_PHASE_OUTPUTS_AS_ERRORS\=NO
    export TREE_SHAKE_ICONS\=false
    export TeamIdentifierPrefix\=74V23JJ8B7.
    export UID\=502
    export UNINSTALLED_PRODUCTS_DIR\=/Users/wilmeralzate/Library/Developer/Xcode/DerivedData/Runner-euekkyiyeygqzlfvqhlkopdaztwz/Build/Intermediates.noindex/UninstalledProducts
    export UNLOCALIZED_RESOURCES_FOLDER_PATH\=Runner.app
    export UNLOCALIZED_RESOURCES_FOLDER_PATH_SHALLOW_BUNDLE_NO\=Runner.app/Resources
    export UNLOCALIZED_RESOURCES_FOLDER_PATH_SHALLOW_BUNDLE_YES\=Runner.app
    export UNSTRIPPED_PRODUCT\=NO
    export USER\=wilmeralzate
    export USER_APPS_DIR\=/Users/wilmeralzate/Applications
    export USER_LIBRARY_DIR\=/Users/wilmeralzate/Library
    export USE_DYNAMIC_NO_PIC\=YES
    export USE_HEADERMAP\=YES
    export USE_HEADER_SYMLINKS\=NO
    export USE_RECURSIVE_SCRIPT_INPUTS_IN_SCRIPT_PHASES\=YES
    export VALIDATE_DEVELOPMENT_ASSET_PATHS\=YES_ERROR
    export VALIDATE_PRODUCT\=NO
    export VALID_ARCHS\=arm64\ x86_64
    export VERBOSE_PBXCP\=NO
    export VERSIONING_SYSTEM\=apple-generic
    export VERSIONPLIST_PATH\=Runner.app/version.plist
    export VERSION_INFO_BUILDER\=wilmeralzate
    export VERSION_INFO_FILE\=Runner_vers.c
    export VERSION_INFO_STRING\=\"@\(\#\)PROGRAM:Runner\ \ PROJECT:Runner-1\"
    export WORKSPACE_DIR\=/Users/wilmeralzate/Documents/GitHub/HearthBit/app/ios
    export WRAPPER_EXTENSION\=app
    export WRAPPER_NAME\=Runner.app
    export WRAPPER_SUFFIX\=.app
    export WRAP_ASSET_PACKS_IN_SEPARATE_DIRECTORIES\=NO
    export XCODE_APP_SUPPORT_DIR\=/Applications/Xcode.app/Contents/Developer/Library/Xcode
    export XCODE_PRODUCT_BUILD_VERSION\=17F113
    export XCODE_VERSION_ACTUAL\=2660
    export XCODE_VERSION_MAJOR\=2600
    export XCODE_VERSION_MINOR\=2660
    export XPCSERVICES_FOLDER_PATH\=Runner.app/XPCServices
    export YACC\=yacc
    export _DISCOVER_COMMAND_LINE_LINKER_INPUTS\=YES
    export _DISCOVER_COMMAND_LINE_LINKER_INPUTS_INCLUDE_WL\=YES
    export _LD_MULTIARCH\=YES
    export _WRAPPER_CONTENTS_DIR_SHALLOW_BUNDLE_NO\=/Contents
    export _WRAPPER_PARENT_PATH_SHALLOW_BUNDLE_NO\=/..
    export _WRAPPER_RESOURCES_DIR_SHALLOW_BUNDLE_NO\=/Resources
    export __DIAGNOSE_DEPRECATED_ARCHS\=YES
    export __IS_NOT_MACOS\=YES
    export __IS_NOT_MACOS_macosx\=NO
    export __IS_NOT_SIMULATOR\=NO
    export __IS_NOT_SIMULATOR_simulator\=NO
    export __ORIGINAL_SDK_DEFINED_LLVM_TARGET_TRIPLE_SYS\=ios
    export arch\=undefined_arch
    export variant\=normal
    /bin/sh -c /Users/wilmeralzate/Library/Developer/Xcode/DerivedData/Runner-euekkyiyeygqzlfvqhlkopdaztwz/Build/Intermediates.noindex/Runner.build/Debug-iphonesimulator/Runner.build/Script-3B06AD1E1E4923F5004D2608.sh

PhaseScriptExecution [CP]\ Embed\ Pods\ Frameworks /Users/wilmeralzate/Library/Developer/Xcode/DerivedData/Runner-euekkyiyeygqzlfvqhlkopdaztwz/Build/Intermediates.noindex/Runner.build/Debug-iphonesimulator/Runner.build/Script-E6EEFC44CA1642AEE75510C0.sh (in target 'Runner' from project 'Runner')
    cd /Users/wilmeralzate/Documents/GitHub/HearthBit/app/ios
    /bin/sh -c /Users/wilmeralzate/Library/Developer/Xcode/DerivedData/Runner-euekkyiyeygqzlfvqhlkopdaztwz/Build/Intermediates.noindex/Runner.build/Debug-iphonesimulator/Runner.build/Script-E6EEFC44CA1642AEE75510C0.sh
mkdir -p /Users/wilmeralzate/Library/Developer/Xcode/DerivedData/Runner-euekkyiyeygqzlfvqhlkopdaztwz/Build/Products/Debug-iphonesimulator/Runner.app/Frameworks
rsync --delete -av --filter P .*.?????? --links --filter "- CVS/" --filter "- .svn/" --filter "- .git/" --filter "- .hg/" --filter "- Headers" --filter "- PrivateHeaders" --filter "- Modules" "/Users/wilmeralzate/Library/Developer/Xcode/DerivedData/Runner-euekkyiyeygqzlfvqhlkopdaztwz/Build/Products/Debug-iphonesimulator/FMDB/FMDB.framework" "/Users/wilmeralzate/Library/Developer/Xcode/DerivedData/Runner-euekkyiyeygqzlfvqhlkopdaztwz/Build/Products/Debug-iphonesimulator/Runner.app/Frameworks"
Transfer starting: 8 files
FMDB.framework/
FMDB.framework/FMDB
FMDB.framework/FMDB_Privacy.bundle/
FMDB.framework/FMDB_Privacy.bundle/Info.plist
FMDB.framework/FMDB_Privacy.bundle/PrivacyInfo.xcprivacy
FMDB.framework/_CodeSignature/CodeResources

sent 416595 bytes  received 120 bytes  101637804 bytes/sec
total size is 416482  speedup is 1.00
Stripped /Users/wilmeralzate/Library/Developer/Xcode/DerivedData/Runner-euekkyiyeygqzlfvqhlkopdaztwz/Build/Products/Debug-iphonesimulator/Runner.app/Frameworks/FMDB.framework/FMDB of architectures: x86_64
Code Signing /Users/wilmeralzate/Library/Developer/Xcode/DerivedData/Runner-euekkyiyeygqzlfvqhlkopdaztwz/Build/Products/Debug-iphonesimulator/Runner.app/Frameworks/FMDB.framework with Identity Sign to Run Locally
/usr/bin/codesign --force --sign -  --preserve-metadata=identifier,entitlements '/Users/wilmeralzate/Library/Developer/Xcode/DerivedData/Runner-euekkyiyeygqzlfvqhlkopdaztwz/Build/Products/Debug-iphonesimulator/Runner.app/Frameworks/FMDB.framework' &
rsync --delete -av --filter P .*.?????? --links --filter "- CVS/" --filter "- .svn/" --filter "- .git/" --filter "- .hg/" --filter "- Headers" --filter "- PrivateHeaders" --filter "- Modules" "/Users/wilmeralzate/Library/Developer/Xcode/DerivedData/Runner-euekkyiyeygqzlfvqhlkopdaztwz/Build/Products/Debug-iphonesimulator/SQLCipher/SQLCipher.framework" "/Users/wilmeralzate/Library/Developer/Xcode/DerivedData/Runner-euekkyiyeygqzlfvqhlkopdaztwz/Build/Products/Debug-iphonesimulator/Runner.app/Frameworks"
/Users/wilmeralzate/Library/Developer/Xcode/DerivedData/Runner-euekkyiyeygqzlfvqhlkopdaztwz/Build/Products/Debug-iphonesimulator/Runner.app/Frameworks/FMDB.framework: replacing existing signature
Transfer starting: 8 files
SQLCipher.framework/
SQLCipher.framework/SQLCipher
SQLCipher.framework/SQLCipher.bundle/
SQLCipher.framework/SQLCipher.bundle/Info.plist
SQLCipher.framework/SQLCipher.bundle/PrivacyInfo.xcprivacy
SQLCipher.framework/_CodeSignature/CodeResources

sent 4017856 bytes  received 120 bytes  249563726 bytes/sec
total size is 4017277  speedup is 1.00
Stripped /Users/wilmeralzate/Library/Developer/Xcode/DerivedData/Runner-euekkyiyeygqzlfvqhlkopdaztwz/Build/Products/Debug-iphonesimulator/Runner.app/Frameworks/SQLCipher.framework/SQLCipher of architectures: x86_64
Code Signing /Users/wilmeralzate/Library/Developer/Xcode/DerivedData/Runner-euekkyiyeygqzlfvqhlkopdaztwz/Build/Products/Debug-iphonesimulator/Runner.app/Frameworks/SQLCipher.framework with Identity Sign to Run Locally
/usr/bin/codesign --force --sign -  --preserve-metadata=identifier,entitlements '/Users/wilmeralzate/Library/Developer/Xcode/DerivedData/Runner-euekkyiyeygqzlfvqhlkopdaztwz/Build/Products/Debug-iphonesimulator/Runner.app/Frameworks/SQLCipher.framework' &
rsync --delete -av --filter P .*.?????? --links --filter "- CVS/" --filter "- .svn/" --filter "- .git/" --filter "- .hg/" --filter "- Headers" --filter "- PrivateHeaders" --filter "- Modules" "/Users/wilmeralzate/Library/Developer/Xcode/DerivedData/Runner-euekkyiyeygqzlfvqhlkopdaztwz/Build/Products/Debug-iphonesimulator/audioplayers_darwin/audioplayers_darwin.framework" "/Users/wilmeralzate/Library/Developer/Xcode/DerivedData/Runner-euekkyiyeygqzlfvqhlkopdaztwz/Build/Products/Debug-iphonesimulator/Runner.app/Frameworks"
/Users/wilmeralzate/Library/Developer/Xcode/DerivedData/Runner-euekkyiyeygqzlfvqhlkopdaztwz/Build/Products/Debug-iphonesimulator/Runner.app/Frameworks/SQLCipher.framework: replacing existing signature
Transfer starting: 5 files
audioplayers_darwin.framework/
audioplayers_darwin.framework/audioplayers_darwin
audioplayers_darwin.framework/_CodeSignature/CodeResources

sent 833424 bytes  received 70 bytes  117393521 bytes/sec
total size is 833508  speedup is 1.00
Stripped /Users/wilmeralzate/Library/Developer/Xcode/DerivedData/Runner-euekkyiyeygqzlfvqhlkopdaztwz/Build/Products/Debug-iphonesimulator/Runner.app/Frameworks/audioplayers_darwin.framework/audioplayers_darwin of architectures: x86_64
Code Signing /Users/wilmeralzate/Library/Developer/Xcode/DerivedData/Runner-euekkyiyeygqzlfvqhlkopdaztwz/Build/Products/Debug-iphonesimulator/Runner.app/Frameworks/audioplayers_darwin.framework with Identity Sign to Run Locally
/usr/bin/codesign --force --sign -  --preserve-metadata=identifier,entitlements '/Users/wilmeralzate/Library/Developer/Xcode/DerivedData/Runner-euekkyiyeygqzlfvqhlkopdaztwz/Build/Products/Debug-iphonesimulator/Runner.app/Frameworks/audioplayers_darwin.framework' &
rsync --delete -av --filter P .*.?????? --links --filter "- CVS/" --filter "- .svn/" --filter "- .git/" --filter "- .hg/" --filter "- Headers" --filter "- PrivateHeaders" --filter "- Modules" "/Users/wilmeralzate/Library/Developer/Xcode/DerivedData/Runner-euekkyiyeygqzlfvqhlkopdaztwz/Build/Products/Debug-iphonesimulator/connectivity_plus/connectivity_plus.framework" "/Users/wilmeralzate/Library/Developer/Xcode/DerivedData/Runner-euekkyiyeygqzlfvqhlkopdaztwz/Build/Products/Debug-iphonesimulator/Runner.app/Frameworks"
/Users/wilmeralzate/Library/Developer/Xcode/DerivedData/Runner-euekkyiyeygqzlfvqhlkopdaztwz/Build/Products/Debug-iphonesimulator/Runner.app/Frameworks/audioplayers_darwin.framework: replacing existing signature
Transfer starting: 8 files
connectivity_plus.framework/
connectivity_plus.framework/connectivity_plus
connectivity_plus.framework/_CodeSignature/CodeResources
connectivity_plus.framework/connectivity_plus_privacy.bundle/
connectivity_plus.framework/connectivity_plus_privacy.bundle/Info.plist
connectivity_plus.framework/connectivity_plus_privacy.bundle/PrivacyInfo.xcprivacy

sent 339302 bytes  received 120 bytes  82785853 bytes/sec
total size is 339068  speedup is 1.00
Stripped /Users/wilmeralzate/Library/Developer/Xcode/DerivedData/Runner-euekkyiyeygqzlfvqhlkopdaztwz/Build/Products/Debug-iphonesimulator/Runner.app/Frameworks/connectivity_plus.framework/connectivity_plus of architectures: x86_64
Code Signing /Users/wilmeralzate/Library/Developer/Xcode/DerivedData/Runner-euekkyiyeygqzlfvqhlkopdaztwz/Build/Products/Debug-iphonesimulator/Runner.app/Frameworks/connectivity_plus.framework with Identity Sign to Run Locally
/usr/bin/codesign --force --sign -  --preserve-metadata=identifier,entitlements '/Users/wilmeralzate/Library/Developer/Xcode/DerivedData/Runner-euekkyiyeygqzlfvqhlkopdaztwz/Build/Products/Debug-iphonesimulator/Runner.app/Frameworks/connectivity_plus.framework' &
rsync --delete -av --filter P .*.?????? --links --filter "- CVS/" --filter "- .svn/" --filter "- .git/" --filter "- .hg/" --filter "- Headers" --filter "- PrivateHeaders" --filter "- Modules" "/Users/wilmeralzate/Library/Developer/Xcode/DerivedData/Runner-euekkyiyeygqzlfvqhlkopdaztwz/Build/Products/Debug-iphonesimulator/file_selector_ios/file_selector_ios.framework" "/Users/wilmeralzate/Library/Developer/Xcode/DerivedData/Runner-euekkyiyeygqzlfvqhlkopdaztwz/Build/Products/Debug-iphonesimulator/Runner.app/Frameworks"
/Users/wilmeralzate/Library/Developer/Xcode/DerivedData/Runner-euekkyiyeygqzlfvqhlkopdaztwz/Build/Products/Debug-iphonesimulator/Runner.app/Frameworks/connectivity_plus.framework: replacing existing signature
Transfer starting: 8 files
file_selector_ios.framework/
file_selector_ios.framework/file_selector_ios
file_selector_ios.framework/_CodeSignature/CodeResources
file_selector_ios.framework/file_selector_ios_privacy.bundle/
file_selector_ios.framework/file_selector_ios_privacy.bundle/Info.plist
file_selector_ios.framework/file_selector_ios_privacy.bundle/PrivacyInfo.xcprivacy

sent 429998 bytes  received 120 bytes  104906829 bytes/sec
total size is 429756  speedup is 1.00
Stripped /Users/wilmeralzate/Library/Developer/Xcode/DerivedData/Runner-euekkyiyeygqzlfvqhlkopdaztwz/Build/Products/Debug-iphonesimulator/Runner.app/Frameworks/file_selector_ios.framework/file_selector_ios of architectures: x86_64
Code Signing /Users/wilmeralzate/Library/Developer/Xcode/DerivedData/Runner-euekkyiyeygqzlfvqhlkopdaztwz/Build/Products/Debug-iphonesimulator/Runner.app/Frameworks/file_selector_ios.framework with Identity Sign to Run Locally
/usr/bin/codesign --force --sign -  --preserve-metadata=identifier,entitlements '/Users/wilmeralzate/Library/Developer/Xcode/DerivedData/Runner-euekkyiyeygqzlfvqhlkopdaztwz/Build/Products/Debug-iphonesimulator/Runner.app/Frameworks/file_selector_ios.framework' &
rsync --delete -av --filter P .*.?????? --links --filter "- CVS/" --filter "- .svn/" --filter "- .git/" --filter "- .hg/" --filter "- Headers" --filter "- PrivateHeaders" --filter "- Modules" "/Users/wilmeralzate/Library/Developer/Xcode/DerivedData/Runner-euekkyiyeygqzlfvqhlkopdaztwz/Build/Products/Debug-iphonesimulator/flutter_compass/flutter_compass.framework" "/Users/wilmeralzate/Library/Developer/Xcode/DerivedData/Runner-euekkyiyeygqzlfvqhlkopdaztwz/Build/Products/Debug-iphonesimulator/Runner.app/Frameworks"
/Users/wilmeralzate/Library/Developer/Xcode/DerivedData/Runner-euekkyiyeygqzlfvqhlkopdaztwz/Build/Products/Debug-iphonesimulator/Runner.app/Frameworks/file_selector_ios.framework: replacing existing signature
Transfer starting: 5 files
flutter_compass.framework/
flutter_compass.framework/flutter_compass
flutter_compass.framework/_CodeSignature/CodeResources

sent 251974 bytes  received 70 bytes  81304516 bytes/sec
total size is 252146  speedup is 1.00
Stripped /Users/wilmeralzate/Library/Developer/Xcode/DerivedData/Runner-euekkyiyeygqzlfvqhlkopdaztwz/Build/Products/Debug-iphonesimulator/Runner.app/Frameworks/flutter_compass.framework/flutter_compass of architectures: x86_64
Code Signing /Users/wilmeralzate/Library/Developer/Xcode/DerivedData/Runner-euekkyiyeygqzlfvqhlkopdaztwz/Build/Products/Debug-iphonesimulator/Runner.app/Frameworks/flutter_compass.framework with Identity Sign to Run Locally
/usr/bin/codesign --force --sign -  --preserve-metadata=identifier,entitlements '/Users/wilmeralzate/Library/Developer/Xcode/DerivedData/Runner-euekkyiyeygqzlfvqhlkopdaztwz/Build/Products/Debug-iphonesimulator/Runner.app/Frameworks/flutter_compass.framework' &
rsync --delete -av --filter P .*.?????? --links --filter "- CVS/" --filter "- .svn/" --filter "- .git/" --filter "- .hg/" --filter "- Headers" --filter "- PrivateHeaders" --filter "- Modules" "/Users/wilmeralzate/Library/Developer/Xcode/DerivedData/Runner-euekkyiyeygqzlfvqhlkopdaztwz/Build/Products/Debug-iphonesimulator/flutter_secure_storage_darwin/flutter_secure_storage_darwin.framework" "/Users/wilmeralzate/Library/Developer/Xcode/DerivedData/Runner-euekkyiyeygqzlfvqhlkopdaztwz/Build/Products/Debug-iphonesimulator/Runner.app/Frameworks"
/Users/wilmeralzate/Library/Developer/Xcode/DerivedData/Runner-euekkyiyeygqzlfvqhlkopdaztwz/Build/Products/Debug-iphonesimulator/Runner.app/Frameworks/flutter_compass.framework: replacing existing signature
Transfer starting: 8 files
flutter_secure_storage_darwin.framework/
flutter_secure_storage_darwin.framework/flutter_secure_storage_darwin
flutter_secure_storage_darwin.framework/_CodeSignature/CodeResources
flutter_secure_storage_darwin.framework/flutter_secure_storage.bundle/
flutter_secure_storage_darwin.framework/flutter_secure_storage.bundle/Info.plist
flutter_secure_storage_darwin.framework/flutter_secure_storage.bundle/PrivacyInfo.xcprivacy

sent 626407 bytes  received 120 bytes  152811463 bytes/sec
total size is 626067  speedup is 1.00
Stripped /Users/wilmeralzate/Library/Developer/Xcode/DerivedData/Runner-euekkyiyeygqzlfvqhlkopdaztwz/Build/Products/Debug-iphonesimulator/Runner.app/Frameworks/flutter_secure_storage_darwin.framework/flutter_secure_storage_darwin of architectures: x86_64
Code Signing /Users/wilmeralzate/Library/Developer/Xcode/DerivedData/Runner-euekkyiyeygqzlfvqhlkopdaztwz/Build/Products/Debug-iphonesimulator/Runner.app/Frameworks/flutter_secure_storage_darwin.framework with Identity Sign to Run Locally
/usr/bin/codesign --force --sign -  --preserve-metadata=identifier,entitlements '/Users/wilmeralzate/Library/Developer/Xcode/DerivedData/Runner-euekkyiyeygqzlfvqhlkopdaztwz/Build/Products/Debug-iphonesimulator/Runner.app/Frameworks/flutter_secure_storage_darwin.framework' &
rsync --delete -av --filter P .*.?????? --links --filter "- CVS/" --filter "- .svn/" --filter "- .git/" --filter "- .hg/" --filter "- Headers" --filter "- PrivateHeaders" --filter "- Modules" "/Users/wilmeralzate/Library/Developer/Xcode/DerivedData/Runner-euekkyiyeygqzlfvqhlkopdaztwz/Build/Products/Debug-iphonesimulator/geolocator_apple/geolocator_apple.framework" "/Users/wilmeralzate/Library/Developer/Xcode/DerivedData/Runner-euekkyiyeygqzlfvqhlkopdaztwz/Build/Products/Debug-iphonesimulator/Runner.app/Frameworks"
/Users/wilmeralzate/Library/Developer/Xcode/DerivedData/Runner-euekkyiyeygqzlfvqhlkopdaztwz/Build/Products/Debug-iphonesimulator/Runner.app/Frameworks/flutter_secure_storage_darwin.framework: replacing existing signature
Transfer starting: 8 files
geolocator_apple.framework/
geolocator_apple.framework/geolocator_apple
geolocator_apple.framework/_CodeSignature/CodeResources
geolocator_apple.framework/geolocator_apple_privacy.bundle/
geolocator_apple.framework/geolocator_apple_privacy.bundle/Info.plist
geolocator_apple.framework/geolocator_apple_privacy.bundle/PrivacyInfo.xcprivacy

sent 283662 bytes  received 120 bytes  91542580 bytes/sec
total size is 283446  speedup is 1.00
Stripped /Users/wilmeralzate/Library/Developer/Xcode/DerivedData/Runner-euekkyiyeygqzlfvqhlkopdaztwz/Build/Products/Debug-iphonesimulator/Runner.app/Frameworks/geolocator_apple.framework/geolocator_apple of architectures: x86_64
Code Signing /Users/wilmeralzate/Library/Developer/Xcode/DerivedData/Runner-euekkyiyeygqzlfvqhlkopdaztwz/Build/Products/Debug-iphonesimulator/Runner.app/Frameworks/geolocator_apple.framework with Identity Sign to Run Locally
/usr/bin/codesign --force --sign -  --preserve-metadata=identifier,entitlements '/Users/wilmeralzate/Library/Developer/Xcode/DerivedData/Runner-euekkyiyeygqzlfvqhlkopdaztwz/Build/Products/Debug-iphonesimulator/Runner.app/Frameworks/geolocator_apple.framework' &
rsync --delete -av --filter P .*.?????? --links --filter "- CVS/" --filter "- .svn/" --filter "- .git/" --filter "- .hg/" --filter "- Headers" --filter "- PrivateHeaders" --filter "- Modules" "/Users/wilmeralzate/Library/Developer/Xcode/DerivedData/Runner-euekkyiyeygqzlfvqhlkopdaztwz/Build/Products/Debug-iphonesimulator/mobile_scanner/mobile_scanner.framework" "/Users/wilmeralzate/Library/Developer/Xcode/DerivedData/Runner-euekkyiyeygqzlfvqhlkopdaztwz/Build/Products/Debug-iphonesimulator/Runner.app/Frameworks"
/Users/wilmeralzate/Library/Developer/Xcode/DerivedData/Runner-euekkyiyeygqzlfvqhlkopdaztwz/Build/Products/Debug-iphonesimulator/Runner.app/Frameworks/geolocator_apple.framework: replacing existing signature
Transfer starting: 8 files
mobile_scanner.framework/
mobile_scanner.framework/mobile_scanner
mobile_scanner.framework/_CodeSignature/CodeResources
mobile_scanner.framework/mobile_scanner_privacy.bundle/
mobile_scanner.framework/mobile_scanner_privacy.bundle/Info.plist
mobile_scanner.framework/mobile_scanner_privacy.bundle/PrivacyInfo.xcprivacy

sent 995220 bytes  received 120 bytes  163170491 bytes/sec
total size is 994934  speedup is 1.00
Stripped /Users/wilmeralzate/Library/Developer/Xcode/DerivedData/Runner-euekkyiyeygqzlfvqhlkopdaztwz/Build/Products/Debug-iphonesimulator/Runner.app/Frameworks/mobile_scanner.framework/mobile_scanner of architectures: x86_64
Code Signing /Users/wilmeralzate/Library/Developer/Xcode/DerivedData/Runner-euekkyiyeygqzlfvqhlkopdaztwz/Build/Products/Debug-iphonesimulator/Runner.app/Frameworks/mobile_scanner.framework with Identity Sign to Run Locally
/usr/bin/codesign --force --sign -  --preserve-metadata=identifier,entitlements '/Users/wilmeralzate/Library/Developer/Xcode/DerivedData/Runner-euekkyiyeygqzlfvqhlkopdaztwz/Build/Products/Debug-iphonesimulator/Runner.app/Frameworks/mobile_scanner.framework' &
rsync --delete -av --filter P .*.?????? --links --filter "- CVS/" --filter "- .svn/" --filter "- .git/" --filter "- .hg/" --filter "- Headers" --filter "- PrivateHeaders" --filter "- Modules" "/Users/wilmeralzate/Library/Developer/Xcode/DerivedData/Runner-euekkyiyeygqzlfvqhlkopdaztwz/Build/Products/Debug-iphonesimulator/package_info_plus/package_info_plus.framework" "/Users/wilmeralzate/Library/Developer/Xcode/DerivedData/Runner-euekkyiyeygqzlfvqhlkopdaztwz/Build/Products/Debug-iphonesimulator/Runner.app/Frameworks"
/Users/wilmeralzate/Library/Developer/Xcode/DerivedData/Runner-euekkyiyeygqzlfvqhlkopdaztwz/Build/Products/Debug-iphonesimulator/Runner.app/Frameworks/mobile_scanner.framework: replacing existing signature
Transfer starting: 8 files
package_info_plus.framework/
package_info_plus.framework/package_info_plus
package_info_plus.framework/_CodeSignature/CodeResources
package_info_plus.framework/package_info_plus_privacy.bundle/
package_info_plus.framework/package_info_plus_privacy.bundle/Info.plist
package_info_plus.framework/package_info_plus_privacy.bundle/PrivacyInfo.xcprivacy

sent 146240 bytes  received 120 bytes  47212903 bytes/sec
total size is 146030  speedup is 1.00
Stripped /Users/wilmeralzate/Library/Developer/Xcode/DerivedData/Runner-euekkyiyeygqzlfvqhlkopdaztwz/Build/Products/Debug-iphonesimulator/Runner.app/Frameworks/package_info_plus.framework/package_info_plus of architectures: x86_64
Code Signing /Users/wilmeralzate/Library/Developer/Xcode/DerivedData/Runner-euekkyiyeygqzlfvqhlkopdaztwz/Build/Products/Debug-iphonesimulator/Runner.app/Frameworks/package_info_plus.framework with Identity Sign to Run Locally
/usr/bin/codesign --force --sign -  --preserve-metadata=identifier,entitlements '/Users/wilmeralzate/Library/Developer/Xcode/DerivedData/Runner-euekkyiyeygqzlfvqhlkopdaztwz/Build/Products/Debug-iphonesimulator/Runner.app/Frameworks/package_info_plus.framework' &
rsync --delete -av --filter P .*.?????? --links --filter "- CVS/" --filter "- .svn/" --filter "- .git/" --filter "- .hg/" --filter "- Headers" --filter "- PrivateHeaders" --filter "- Modules" "/Users/wilmeralzate/Library/Developer/Xcode/DerivedData/Runner-euekkyiyeygqzlfvqhlkopdaztwz/Build/Products/Debug-iphonesimulator/record_ios/record_ios.framework" "/Users/wilmeralzate/Library/Developer/Xcode/DerivedData/Runner-euekkyiyeygqzlfvqhlkopdaztwz/Build/Products/Debug-iphonesimulator/Runner.app/Frameworks"
/Users/wilmeralzate/Library/Developer/Xcode/DerivedData/Runner-euekkyiyeygqzlfvqhlkopdaztwz/Build/Products/Debug-iphonesimulator/Runner.app/Frameworks/package_info_plus.framework: replacing existing signature
Transfer starting: 8 files
record_ios.framework/
record_ios.framework/record_ios
record_ios.framework/_CodeSignature/CodeResources
record_ios.framework/record_ios_privacy.bundle/
record_ios.framework/record_ios_privacy.bundle/Info.plist
record_ios.framework/record_ios_privacy.bundle/PrivacyInfo.xcprivacy

sent 1208912 bytes  received 120 bytes  170286197 bytes/sec
total size is 1208642  speedup is 1.00
Stripped /Users/wilmeralzate/Library/Developer/Xcode/DerivedData/Runner-euekkyiyeygqzlfvqhlkopdaztwz/Build/Products/Debug-iphonesimulator/Runner.app/Frameworks/record_ios.framework/record_ios of architectures: x86_64
Code Signing /Users/wilmeralzate/Library/Developer/Xcode/DerivedData/Runner-euekkyiyeygqzlfvqhlkopdaztwz/Build/Products/Debug-iphonesimulator/Runner.app/Frameworks/record_ios.framework with Identity Sign to Run Locally
/usr/bin/codesign --force --sign -  --preserve-metadata=identifier,entitlements '/Users/wilmeralzate/Library/Developer/Xcode/DerivedData/Runner-euekkyiyeygqzlfvqhlkopdaztwz/Build/Products/Debug-iphonesimulator/Runner.app/Frameworks/record_ios.framework' &
rsync --delete -av --filter P .*.?????? --links --filter "- CVS/" --filter "- .svn/" --filter "- .git/" --filter "- .hg/" --filter "- Headers" --filter "- PrivateHeaders" --filter "- Modules" "/Users/wilmeralzate/Library/Developer/Xcode/DerivedData/Runner-euekkyiyeygqzlfvqhlkopdaztwz/Build/Products/Debug-iphonesimulator/share_plus/share_plus.framework" "/Users/wilmeralzate/Library/Developer/Xcode/DerivedData/Runner-euekkyiyeygqzlfvqhlkopdaztwz/Build/Products/Debug-iphonesimulator/Runner.app/Frameworks"
/Users/wilmeralzate/Library/Developer/Xcode/DerivedData/Runner-euekkyiyeygqzlfvqhlkopdaztwz/Build/Products/Debug-iphonesimulator/Runner.app/Frameworks/record_ios.framework: replacing existing signature
Transfer starting: 8 files
share_plus.framework/
share_plus.framework/share_plus
share_plus.framework/_CodeSignature/CodeResources
share_plus.framework/share_plus_privacy.bundle/
share_plus.framework/share_plus_privacy.bundle/Info.plist
share_plus.framework/share_plus_privacy.bundle/PrivacyInfo.xcprivacy

sent 207056 bytes  received 120 bytes  50530731 bytes/sec
total size is 206906  speedup is 1.00
Stripped /Users/wilmeralzate/Library/Developer/Xcode/DerivedData/Runner-euekkyiyeygqzlfvqhlkopdaztwz/Build/Products/Debug-iphonesimulator/Runner.app/Frameworks/share_plus.framework/share_plus of architectures: x86_64
Code Signing /Users/wilmeralzate/Library/Developer/Xcode/DerivedData/Runner-euekkyiyeygqzlfvqhlkopdaztwz/Build/Products/Debug-iphonesimulator/Runner.app/Frameworks/share_plus.framework with Identity Sign to Run Locally
/usr/bin/codesign --force --sign -  --preserve-metadata=identifier,entitlements '/Users/wilmeralzate/Library/Developer/Xcode/DerivedData/Runner-euekkyiyeygqzlfvqhlkopdaztwz/Build/Products/Debug-iphonesimulator/Runner.app/Frameworks/share_plus.framework' &
rsync --delete -av --filter P .*.?????? --links --filter "- CVS/" --filter "- .svn/" --filter "- .git/" --filter "- .hg/" --filter "- Headers" --filter "- PrivateHeaders" --filter "- Modules" "/Users/wilmeralzate/Library/Developer/Xcode/DerivedData/Runner-euekkyiyeygqzlfvqhlkopdaztwz/Build/Products/Debug-iphonesimulator/shared_preferences_foundation/shared_preferences_foundation.framework" "/Users/wilmeralzate/Library/Developer/Xcode/DerivedData/Runner-euekkyiyeygqzlfvqhlkopdaztwz/Build/Products/Debug-iphonesimulator/Runner.app/Frameworks"
/Users/wilmeralzate/Library/Developer/Xcode/DerivedData/Runner-euekkyiyeygqzlfvqhlkopdaztwz/Build/Products/Debug-iphonesimulator/Runner.app/Frameworks/share_plus.framework: replacing existing signature
Transfer starting: 8 files
shared_preferences_foundation.framework/
shared_preferences_foundation.framework/shared_preferences_foundation
shared_preferences_foundation.framework/_CodeSignature/CodeResources
shared_preferences_foundation.framework/shared_preferences_foundation_privacy.bundle/
shared_preferences_foundation.framework/shared_preferences_foundation_privacy.bundle/Info.plist
shared_preferences_foundation.framework/shared_preferences_foundation_privacy.bundle/PrivacyInfo.xcprivacy

sent 488463 bytes  received 120 bytes  119166585 bytes/sec
total size is 488093  speedup is 1.00
Stripped /Users/wilmeralzate/Library/Developer/Xcode/DerivedData/Runner-euekkyiyeygqzlfvqhlkopdaztwz/Build/Products/Debug-iphonesimulator/Runner.app/Frameworks/shared_preferences_foundation.framework/shared_preferences_foundation of architectures: x86_64
Code Signing /Users/wilmeralzate/Library/Developer/Xcode/DerivedData/Runner-euekkyiyeygqzlfvqhlkopdaztwz/Build/Products/Debug-iphonesimulator/Runner.app/Frameworks/shared_preferences_foundation.framework with Identity Sign to Run Locally
/usr/bin/codesign --force --sign -  --preserve-metadata=identifier,entitlements '/Users/wilmeralzate/Library/Developer/Xcode/DerivedData/Runner-euekkyiyeygqzlfvqhlkopdaztwz/Build/Products/Debug-iphonesimulator/Runner.app/Frameworks/shared_preferences_foundation.framework' &
rsync --delete -av --filter P .*.?????? --links --filter "- CVS/" --filter "- .svn/" --filter "- .git/" --filter "- .hg/" --filter "- Headers" --filter "- PrivateHeaders" --filter "- Modules" "/Users/wilmeralzate/Library/Developer/Xcode/DerivedData/Runner-euekkyiyeygqzlfvqhlkopdaztwz/Build/Products/Debug-iphonesimulator/sqflite_sqlcipher/sqflite_sqlcipher.framework" "/Users/wilmeralzate/Library/Developer/Xcode/DerivedData/Runner-euekkyiyeygqzlfvqhlkopdaztwz/Build/Products/Debug-iphonesimulator/Runner.app/Frameworks"
/Users/wilmeralzate/Library/Developer/Xcode/DerivedData/Runner-euekkyiyeygqzlfvqhlkopdaztwz/Build/Products/Debug-iphonesimulator/Runner.app/Frameworks/shared_preferences_foundation.framework: replacing existing signature
Transfer starting: 8 files
sqflite_sqlcipher.framework/
sqflite_sqlcipher.framework/sqflite_sqlcipher
sqflite_sqlcipher.framework/_CodeSignature/CodeResources
sqflite_sqlcipher.framework/sqflite_sqlcipher_ios_privacy.bundle/
sqflite_sqlcipher.framework/sqflite_sqlcipher_ios_privacy.bundle/Info.plist
sqflite_sqlcipher.framework/sqflite_sqlcipher_ios_privacy.bundle/PrivacyInfo.xcprivacy

sent 273071 bytes  received 120 bytes  88126129 bytes/sec
total size is 272833  speedup is 1.00
Stripped /Users/wilmeralzate/Library/Developer/Xcode/DerivedData/Runner-euekkyiyeygqzlfvqhlkopdaztwz/Build/Products/Debug-iphonesimulator/Runner.app/Frameworks/sqflite_sqlcipher.framework/sqflite_sqlcipher of architectures: x86_64
Code Signing /Users/wilmeralzate/Library/Developer/Xcode/DerivedData/Runner-euekkyiyeygqzlfvqhlkopdaztwz/Build/Products/Debug-iphonesimulator/Runner.app/Frameworks/sqflite_sqlcipher.framework with Identity Sign to Run Locally
/usr/bin/codesign --force --sign -  --preserve-metadata=identifier,entitlements '/Users/wilmeralzate/Library/Developer/Xcode/DerivedData/Runner-euekkyiyeygqzlfvqhlkopdaztwz/Build/Products/Debug-iphonesimulator/Runner.app/Frameworks/sqflite_sqlcipher.framework' &
rsync --delete -av --filter P .*.?????? --links --filter "- CVS/" --filter "- .svn/" --filter "- .git/" --filter "- .hg/" --filter "- Headers" --filter "- PrivateHeaders" --filter "- Modules" "/Users/wilmeralzate/Library/Developer/Xcode/DerivedData/Runner-euekkyiyeygqzlfvqhlkopdaztwz/Build/Products/Debug-iphonesimulator/url_launcher_ios/url_launcher_ios.framework" "/Users/wilmeralzate/Library/Developer/Xcode/DerivedData/Runner-euekkyiyeygqzlfvqhlkopdaztwz/Build/Products/Debug-iphonesimulator/Runner.app/Frameworks"
/Users/wilmeralzate/Library/Developer/Xcode/DerivedData/Runner-euekkyiyeygqzlfvqhlkopdaztwz/Build/Products/Debug-iphonesimulator/Runner.app/Frameworks/sqflite_sqlcipher.framework: replacing existing signature
Transfer starting: 8 files
url_launcher_ios.framework/
url_launcher_ios.framework/url_launcher_ios
url_launcher_ios.framework/_CodeSignature/CodeResources
url_launcher_ios.framework/url_launcher_ios_privacy.bundle/
url_launcher_ios.framework/url_launcher_ios_privacy.bundle/Info.plist
url_launcher_ios.framework/url_launcher_ios_privacy.bundle/PrivacyInfo.xcprivacy

sent 459900 bytes  received 120 bytes  112200000 bytes/sec
total size is 459664  speedup is 1.00
Stripped /Users/wilmeralzate/Library/Developer/Xcode/DerivedData/Runner-euekkyiyeygqzlfvqhlkopdaztwz/Build/Products/Debug-iphonesimulator/Runner.app/Frameworks/url_launcher_ios.framework/url_launcher_ios of architectures: x86_64
Code Signing /Users/wilmeralzate/Library/Developer/Xcode/DerivedData/Runner-euekkyiyeygqzlfvqhlkopdaztwz/Build/Products/Debug-iphonesimulator/Runner.app/Frameworks/url_launcher_ios.framework with Identity Sign to Run Locally
/usr/bin/codesign --force --sign -  --preserve-metadata=identifier,entitlements '/Users/wilmeralzate/Library/Developer/Xcode/DerivedData/Runner-euekkyiyeygqzlfvqhlkopdaztwz/Build/Products/Debug-iphonesimulator/Runner.app/Frameworks/url_launcher_ios.framework' &
/Users/wilmeralzate/Library/Developer/Xcode/DerivedData/Runner-euekkyiyeygqzlfvqhlkopdaztwz/Build/Products/Debug-iphonesimulator/Runner.app/Frameworks/url_launcher_ios.framework: replacing existing signature

AppIntentsSSUTraining (in target 'Runner' from project 'Runner')
    cd /Users/wilmeralzate/Documents/GitHub/HearthBit/app/ios
    /Applications/Xcode.app/Contents/Developer/Toolchains/XcodeDefault.xctoolchain/usr/bin/appintentsnltrainingprocessor --infoplist-path /Users/wilmeralzate/Library/Developer/Xcode/DerivedData/Runner-euekkyiyeygqzlfvqhlkopdaztwz/Build/Products/Debug-iphonesimulator/Runner.app/Info.plist --temp-dir-path /Users/wilmeralzate/Library/Developer/Xcode/DerivedData/Runner-euekkyiyeygqzlfvqhlkopdaztwz/Build/Intermediates.noindex/Runner.build/Debug-iphonesimulator/Runner.build/ssu --bundle-id com.hearthbit.app --product-path /Users/wilmeralzate/Library/Developer/Xcode/DerivedData/Runner-euekkyiyeygqzlfvqhlkopdaztwz/Build/Products/Debug-iphonesimulator/Runner.app --extracted-metadata-path /Users/wilmeralzate/Library/Developer/Xcode/DerivedData/Runner-euekkyiyeygqzlfvqhlkopdaztwz/Build/Products/Debug-iphonesimulator/Runner.app/Metadata.appintents --metadata-file-list /Users/wilmeralzate/Library/Developer/Xcode/DerivedData/Runner-euekkyiyeygqzlfvqhlkopdaztwz/Build/Intermediates.noindex/Runner.build/Debug-iphonesimulator/Runner.build/Runner.DependencyMetadataFileList --source-file /Users/wilmeralzate/Library/Developer/Xcode/DerivedData/Runner-euekkyiyeygqzlfvqhlkopdaztwz/Build/Products/Debug-iphonesimulator/Runner.app/Info.plist --archive-ssu-assets
2026-08-14 21:25:25.665 appintentsnltrainingprocessor[88410:2216407] Parsing options for appintentsnltrainingprocessor
2026-08-14 21:25:25.665 appintentsnltrainingprocessor[88410:2216407] Starting AppIntents SSU YAML Generation
2026-08-14 21:25:25.668 appintentsnltrainingprocessor[88410:2216407] No AppShortcuts found - Skipping.

CopySwiftLibs /Users/wilmeralzate/Library/Developer/Xcode/DerivedData/Runner-euekkyiyeygqzlfvqhlkopdaztwz/Build/Products/Debug-iphonesimulator/Runner.app (in target 'Runner' from project 'Runner')
    cd /Users/wilmeralzate/Documents/GitHub/HearthBit/app/ios
    builtin-swiftStdLibTool --copy --verbose --sign - --scan-executable /Users/wilmeralzate/Library/Developer/Xcode/DerivedData/Runner-euekkyiyeygqzlfvqhlkopdaztwz/Build/Products/Debug-iphonesimulator/Runner.app/Runner.debug.dylib --scan-folder /Users/wilmeralzate/Library/Developer/Xcode/DerivedData/Runner-euekkyiyeygqzlfvqhlkopdaztwz/Build/Products/Debug-iphonesimulator/Runner.app/Frameworks --scan-folder /Users/wilmeralzate/Library/Developer/Xcode/DerivedData/Runner-euekkyiyeygqzlfvqhlkopdaztwz/Build/Products/Debug-iphonesimulator/Runner.app/PlugIns --scan-folder /Users/wilmeralzate/Library/Developer/Xcode/DerivedData/Runner-euekkyiyeygqzlfvqhlkopdaztwz/Build/Products/Debug-iphonesimulator/Runner.app/SystemExtensions --scan-folder /Users/wilmeralzate/Library/Developer/Xcode/DerivedData/Runner-euekkyiyeygqzlfvqhlkopdaztwz/Build/Products/Debug-iphonesimulator/Runner.app/Extensions --scan-folder /Users/wilmeralzate/Library/Developer/Xcode/DerivedData/Runner-euekkyiyeygqzlfvqhlkopdaztwz/Build/Products/Debug-iphonesimulator/Pods_Runner.framework --platform iphonesimulator --toolchain /Applications/Xcode.app/Contents/Developer/Toolchains/XcodeDefault.xctoolchain --destination /Users/wilmeralzate/Library/Developer/Xcode/DerivedData/Runner-euekkyiyeygqzlfvqhlkopdaztwz/Build/Products/Debug-iphonesimulator/Runner.app/Frameworks --strip-bitcode --strip-bitcode-tool /Applications/Xcode.app/Contents/Developer/Toolchains/XcodeDefault.xctoolchain/usr/bin/bitcode_strip --emit-dependency-info /Users/wilmeralzate/Library/Developer/Xcode/DerivedData/Runner-euekkyiyeygqzlfvqhlkopdaztwz/Build/Intermediates.noindex/Runner.build/Debug-iphonesimulator/Runner.build/SwiftStdLibToolInputDependencies.dep --filter-for-swift-os

SwiftDriver RunnerTests normal arm64 com.apple.xcode.tools.swift.compiler (in target 'RunnerTests' from project 'Runner')
    cd /Users/wilmeralzate/Documents/GitHub/HearthBit/app/ios
    builtin-SwiftDriver -- /Applications/Xcode.app/Contents/Developer/Toolchains/XcodeDefault.xctoolchain/usr/bin/swiftc -module-name RunnerTests -Onone @/Users/wilmeralzate/Library/Developer/Xcode/DerivedData/Runner-euekkyiyeygqzlfvqhlkopdaztwz/Build/Intermediates.noindex/Runner.build/Debug-iphonesimulator/RunnerTests.build/Objects-normal/arm64/RunnerTests.SwiftFileList -DDEBUG -plugin-path /Applications/Xcode.app/Contents/Developer/Toolchains/XcodeDefault.xctoolchain/usr/lib/swift/host/plugins/testing -enable-bare-slash-regex -enable-experimental-feature DebugDescriptionMacro -sdk /Applications/Xcode.app/Contents/Developer/Platforms/iPhoneSimulator.platform/Developer/SDKs/iPhoneSimulator26.5.sdk -target arm64-apple-ios16.0-simulator -g -module-cache-path /Users/wilmeralzate/Library/Developer/Xcode/DerivedData/ModuleCache.noindex -Xfrontend -serialize-debugging-options -enable-testing -index-store-path /Users/wilmeralzate/Library/Developer/Xcode/DerivedData/Runner-euekkyiyeygqzlfvqhlkopdaztwz/Index.noindex/DataStore -Xcc -D_LIBCPP_HARDENING_MODE\=_LIBCPP_HARDENING_MODE_DEBUG -swift-version 5 -I /Users/wilmeralzate/Library/Developer/Xcode/DerivedData/Runner-euekkyiyeygqzlfvqhlkopdaztwz/Build/Products/Debug-iphonesimulator -Isystem /Applications/Xcode.app/Contents/Developer/Platforms/iPhoneSimulator.platform/Developer/usr/lib -F /Users/wilmeralzate/Library/Developer/Xcode/DerivedData/Runner-euekkyiyeygqzlfvqhlkopdaztwz/Build/Products/Debug-iphonesimulator -F /Users/wilmeralzate/Library/Developer/Xcode/DerivedData/Runner-euekkyiyeygqzlfvqhlkopdaztwz/Build/Products/Debug-iphonesimulator/FMDB -F /Users/wilmeralzate/Library/Developer/Xcode/DerivedData/Runner-euekkyiyeygqzlfvqhlkopdaztwz/Build/Products/Debug-iphonesimulator/SQLCipher -F /Users/wilmeralzate/Library/Developer/Xcode/DerivedData/Runner-euekkyiyeygqzlfvqhlkopdaztwz/Build/Products/Debug-iphonesimulator/audioplayers_darwin -F /Users/wilmeralzate/Library/Developer/Xcode/DerivedData/Runner-euekkyiyeygqzlfvqhlkopdaztwz/Build/Products/Debug-iphonesimulator/connectivity_plus -F /Users/wilmeralzate/Library/Developer/Xcode/DerivedData/Runner-euekkyiyeygqzlfvqhlkopdaztwz/Build/Products/Debug-iphonesimulator/file_selector_ios -F /Users/wilmeralzate/Library/Developer/Xcode/DerivedData/Runner-euekkyiyeygqzlfvqhlkopdaztwz/Build/Products/Debug-iphonesimulator/flutter_compass -F /Users/wilmeralzate/Library/Developer/Xcode/DerivedData/Runner-euekkyiyeygqzlfvqhlkopdaztwz/Build/Products/Debug-iphonesimulator/flutter_secure_storage_darwin -F /Users/wilmeralzate/Library/Developer/Xcode/DerivedData/Runner-euekkyiyeygqzlfvqhlkopdaztwz/Build/Products/Debug-iphonesimulator/geolocator_apple -F /Users/wilmeralzate/Library/Developer/Xcode/DerivedData/Runner-euekkyiyeygqzlfvqhlkopdaztwz/Build/Products/Debug-iphonesimulator/mobile_scanner -F /Users/wilmeralzate/Library/Developer/Xcode/DerivedData/Runner-euekkyiyeygqzlfvqhlkopdaztwz/Build/Products/Debug-iphonesimulator/package_info_plus -F /Users/wilmeralzate/Library/Developer/Xcode/DerivedData/Runner-euekkyiyeygqzlfvqhlkopdaztwz/Build/Products/Debug-iphonesimulator/record_ios -F /Users/wilmeralzate/Library/Developer/Xcode/DerivedData/Runner-euekkyiyeygqzlfvqhlkopdaztwz/Build/Products/Debug-iphonesimulator/share_plus -F /Users/wilmeralzate/Library/Developer/Xcode/DerivedData/Runner-euekkyiyeygqzlfvqhlkopdaztwz/Build/Products/Debug-iphonesimulator/shared_preferences_foundation -F /Users/wilmeralzate/Library/Developer/Xcode/DerivedData/Runner-euekkyiyeygqzlfvqhlkopdaztwz/Build/Products/Debug-iphonesimulator/sqflite_sqlcipher -F /Users/wilmeralzate/Library/Developer/Xcode/DerivedData/Runner-euekkyiyeygqzlfvqhlkopdaztwz/Build/Products/Debug-iphonesimulator/url_launcher_ios -F /Applications/Xcode.app/Contents/Developer/Platforms/iPhoneSimulator.platform/Developer/Library/Frameworks -F /Applications/Xcode.app/Contents/Developer/Platforms/iPhoneSimulator.platform/Developer/SDKs/iPhoneSimulator26.5.sdk/Developer/Library/Frameworks -parse-as-library -c -j8 -enable-batch-mode -incremental -Xcc -ivfsstatcache -Xcc /Users/wilmeralzate/Library/Developer/Xcode/DerivedData/SDKStatCaches.noindex/iphonesimulator26.5-23F81a-6cfe768891a92b912361537c460fe42b.sdkstatcache -output-file-map /Users/wilmeralzate/Library/Developer/Xcode/DerivedData/Runner-euekkyiyeygqzlfvqhlkopdaztwz/Build/Intermediates.noindex/Runner.build/Debug-iphonesimulator/RunnerTests.build/Objects-normal/arm64/RunnerTests-OutputFileMap.json -use-frontend-parseable-output -save-temps -no-color-diagnostics -explicit-module-build -module-cache-path /Users/wilmeralzate/Library/Developer/Xcode/DerivedData/Runner-euekkyiyeygqzlfvqhlkopdaztwz/Build/Intermediates.noindex/SwiftExplicitPrecompiledModules -clang-scanner-module-cache-path /Users/wilmeralzate/Library/Developer/Xcode/DerivedData/ModuleCache.noindex -sdk-module-cache-path /Users/wilmeralzate/Library/Developer/Xcode/DerivedData/ModuleCache.noindex -serialize-diagnostics -emit-dependencies -emit-module -emit-module-path /Users/wilmeralzate/Library/Developer/Xcode/DerivedData/Runner-euekkyiyeygqzlfvqhlkopdaztwz/Build/Intermediates.noindex/Runner.build/Debug-iphonesimulator/RunnerTests.build/Objects-normal/arm64/RunnerTests.swiftmodule -validate-clang-modules-once -clang-build-session-file /Users/wilmeralzate/Library/Developer/Xcode/DerivedData/ModuleCache.noindex/Session.modulevalidation -Xcc -I/Users/wilmeralzate/Library/Developer/Xcode/DerivedData/Runner-euekkyiyeygqzlfvqhlkopdaztwz/Build/Intermediates.noindex/Runner.build/Debug-iphonesimulator/RunnerTests.build/swift-overrides.hmap -emit-const-values -Xfrontend -const-gather-protocols-file -Xfrontend /Users/wilmeralzate/Library/Developer/Xcode/DerivedData/Runner-euekkyiyeygqzlfvqhlkopdaztwz/Build/Intermediates.noindex/Runner.build/Debug-iphonesimulator/RunnerTests.build/Objects-normal/arm64/RunnerTests_const_extract_protocols.json -Xcc -iquote -Xcc /Users/wilmeralzate/Library/Developer/Xcode/DerivedData/Runner-euekkyiyeygqzlfvqhlkopdaztwz/Build/Intermediates.noindex/Runner.build/Debug-iphonesimulator/RunnerTests.build/RunnerTests-generated-files.hmap -Xcc -I/Users/wilmeralzate/Library/Developer/Xcode/DerivedData/Runner-euekkyiyeygqzlfvqhlkopdaztwz/Build/Intermediates.noindex/Runner.build/Debug-iphonesimulator/RunnerTests.build/RunnerTests-own-target-headers.hmap -Xcc -I/Users/wilmeralzate/Library/Developer/Xcode/DerivedData/Runner-euekkyiyeygqzlfvqhlkopdaztwz/Build/Intermediates.noindex/Runner.build/Debug-iphonesimulator/RunnerTests.build/RunnerTests-all-non-framework-target-headers.hmap -Xcc -ivfsoverlay -Xcc /Users/wilmeralzate/Library/Developer/Xcode/DerivedData/Runner-euekkyiyeygqzlfvqhlkopdaztwz/Build/Intermediates.noindex/Runner.build/Debug-iphonesimulator/Runner-18c1723432283e0cc55f10a6dcfd9e02-VFS-iphonesimulator/all-product-headers.yaml -Xcc -iquote -Xcc /Users/wilmeralzate/Library/Developer/Xcode/DerivedData/Runner-euekkyiyeygqzlfvqhlkopdaztwz/Build/Intermediates.noindex/Runner.build/Debug-iphonesimulator/RunnerTests.build/RunnerTests-project-headers.hmap -Xcc -I/Users/wilmeralzate/Library/Developer/Xcode/DerivedData/Runner-euekkyiyeygqzlfvqhlkopdaztwz/Build/Products/Debug-iphonesimulator/include -Xcc -I/Users/wilmeralzate/Library/Developer/Xcode/DerivedData/Runner-euekkyiyeygqzlfvqhlkopdaztwz/Build/Products/Debug-iphonesimulator/FMDB/FMDB.framework/Headers -Xcc -I/Users/wilmeralzate/Library/Developer/Xcode/DerivedData/Runner-euekkyiyeygqzlfvqhlkopdaztwz/Build/Products/Debug-iphonesimulator/SQLCipher/SQLCipher.framework/Headers -Xcc -I/Users/wilmeralzate/Library/Developer/Xcode/DerivedData/Runner-euekkyiyeygqzlfvqhlkopdaztwz/Build/Products/Debug-iphonesimulator/audioplayers_darwin/audioplayers_darwin.framework/Headers -Xcc -I/Users/wilmeralzate/Library/Developer/Xcode/DerivedData/Runner-euekkyiyeygqzlfvqhlkopdaztwz/Build/Products/Debug-iphonesimulator/connectivity_plus/connectivity_plus.framework/Headers -Xcc -I/Users/wilmeralzate/Library/Developer/Xcode/DerivedData/Runner-euekkyiyeygqzlfvqhlkopdaztwz/Build/Products/Debug-iphonesimulator/file_selector_ios/file_selector_ios.framework/Headers -Xcc -I/Users/wilmeralzate/Library/Developer/Xcode/DerivedData/Runner-euekkyiyeygqzlfvqhlkopdaztwz/Build/Products/Debug-iphonesimulator/flutter_compass/flutter_compass.framework/Headers -Xcc -I/Users/wilmeralzate/Library/Developer/Xcode/DerivedData/Runner-euekkyiyeygqzlfvqhlkopdaztwz/Build/Products/Debug-iphonesimulator/flutter_secure_storage_darwin/flutter_secure_storage_darwin.framework/Headers -Xcc -I/Users/wilmeralzate/Library/Developer/Xcode/DerivedData/Runner-euekkyiyeygqzlfvqhlkopdaztwz/Build/Products/Debug-iphonesimulator/geolocator_apple/geolocator_apple.framework/Headers -Xcc -I/Users/wilmeralzate/Library/Developer/Xcode/DerivedData/Runner-euekkyiyeygqzlfvqhlkopdaztwz/Build/Products/Debug-iphonesimulator/mobile_scanner/mobile_scanner.framework/Headers -Xcc -I/Users/wilmeralzate/Library/Developer/Xcode/DerivedData/Runner-euekkyiyeygqzlfvqhlkopdaztwz/Build/Products/Debug-iphonesimulator/package_info_plus/package_info_plus.framework/Headers -Xcc -I/Users/wilmeralzate/Library/Developer/Xcode/DerivedData/Runner-euekkyiyeygqzlfvqhlkopdaztwz/Build/Products/Debug-iphonesimulator/record_ios/record_ios.framework/Headers -Xcc -I/Users/wilmeralzate/Library/Developer/Xcode/DerivedData/Runner-euekkyiyeygqzlfvqhlkopdaztwz/Build/Products/Debug-iphonesimulator/share_plus/share_plus.framework/Headers -Xcc -I/Users/wilmeralzate/Library/Developer/Xcode/DerivedData/Runner-euekkyiyeygqzlfvqhlkopdaztwz/Build/Products/Debug-iphonesimulator/shared_preferences_foundation/shared_preferences_foundation.framework/Headers -Xcc -I/Users/wilmeralzate/Library/Developer/Xcode/DerivedData/Runner-euekkyiyeygqzlfvqhlkopdaztwz/Build/Products/Debug-iphonesimulator/sqflite_sqlcipher/sqflite_sqlcipher.framework/Headers -Xcc -I/Users/wilmeralzate/Library/Developer/Xcode/DerivedData/Runner-euekkyiyeygqzlfvqhlkopdaztwz/Build/Products/Debug-iphonesimulator/url_launcher_ios/url_launcher_ios.framework/Headers -Xcc -ISQLCipher -Xcc -I/Users/wilmeralzate/Documents/GitHub/HearthBit/app/ios/Pods/SQLCipher -Xcc -I/Users/wilmeralzate/Library/Developer/Xcode/DerivedData/Runner-euekkyiyeygqzlfvqhlkopdaztwz/Build/Intermediates.noindex/Runner.build/Debug-iphonesimulator/RunnerTests.build/DerivedSources-normal/arm64 -Xcc -I/Users/wilmeralzate/Library/Developer/Xcode/DerivedData/Runner-euekkyiyeygqzlfvqhlkopdaztwz/Build/Intermediates.noindex/Runner.build/Debug-iphonesimulator/RunnerTests.build/DerivedSources/arm64 -Xcc -I/Users/wilmeralzate/Library/Developer/Xcode/DerivedData/Runner-euekkyiyeygqzlfvqhlkopdaztwz/Build/Intermediates.noindex/Runner.build/Debug-iphonesimulator/RunnerTests.build/DerivedSources -Xcc -DDEBUG\=1 -Xcc -DCOCOAPODS\=1 -Xcc -DSQLITE_HAS_CODEC\=1 -Xcc -D_SQLITE3_H_\=1 -Xcc -D_FTS5_H\=1 -Xcc -D_SQLITE3RTREE_H_\=1 -emit-objc-header -emit-objc-header-path /Users/wilmeralzate/Library/Developer/Xcode/DerivedData/Runner-euekkyiyeygqzlfvqhlkopdaztwz/Build/Intermediates.noindex/Runner.build/Debug-iphonesimulator/RunnerTests.build/Objects-normal/arm64/RunnerTests-Swift.h -working-directory /Users/wilmeralzate/Documents/GitHub/HearthBit/app/ios -experimental-emit-module-separately -disable-cmo

SwiftCompile normal arm64 Compiling\ RunnerTests.swift /Users/wilmeralzate/Documents/GitHub/HearthBit/app/ios/RunnerTests/RunnerTests.swift (in target 'RunnerTests' from project 'Runner')

SwiftCompile normal arm64 /Users/wilmeralzate/Documents/GitHub/HearthBit/app/ios/RunnerTests/RunnerTests.swift (in target 'RunnerTests' from project 'Runner')
    cd /Users/wilmeralzate/Documents/GitHub/HearthBit/app/ios
    

SwiftEmitModule normal arm64 Emitting\ module\ for\ RunnerTests (in target 'RunnerTests' from project 'Runner')

SwiftCompile normal arm64 /Users/wilmeralzate/Documents/GitHub/HearthBit/app/ios/RunnerTests/RunnerTests.swift (in target 'RunnerTests' from project 'Runner')
    cd /Users/wilmeralzate/Documents/GitHub/HearthBit/app/ios
    

SwiftDriverJobDiscovery normal arm64 Compiling RunnerTests.swift (in target 'RunnerTests' from project 'Runner')

SwiftDriver\ Compilation RunnerTests normal arm64 com.apple.xcode.tools.swift.compiler (in target 'RunnerTests' from project 'Runner')
    cd /Users/wilmeralzate/Documents/GitHub/HearthBit/app/ios
    builtin-Swift-Compilation -- /Applications/Xcode.app/Contents/Developer/Toolchains/XcodeDefault.xctoolchain/usr/bin/swiftc -module-name RunnerTests -Onone @/Users/wilmeralzate/Library/Developer/Xcode/DerivedData/Runner-euekkyiyeygqzlfvqhlkopdaztwz/Build/Intermediates.noindex/Runner.build/Debug-iphonesimulator/RunnerTests.build/Objects-normal/arm64/RunnerTests.SwiftFileList -DDEBUG -plugin-path /Applications/Xcode.app/Contents/Developer/Toolchains/XcodeDefault.xctoolchain/usr/lib/swift/host/plugins/testing -enable-bare-slash-regex -enable-experimental-feature DebugDescriptionMacro -sdk /Applications/Xcode.app/Contents/Developer/Platforms/iPhoneSimulator.platform/Developer/SDKs/iPhoneSimulator26.5.sdk -target arm64-apple-ios16.0-simulator -g -module-cache-path /Users/wilmeralzate/Library/Developer/Xcode/DerivedData/ModuleCache.noindex -Xfrontend -serialize-debugging-options -enable-testing -index-store-path /Users/wilmeralzate/Library/Developer/Xcode/DerivedData/Runner-euekkyiyeygqzlfvqhlkopdaztwz/Index.noindex/DataStore -Xcc -D_LIBCPP_HARDENING_MODE\=_LIBCPP_HARDENING_MODE_DEBUG -swift-version 5 -I /Users/wilmeralzate/Library/Developer/Xcode/DerivedData/Runner-euekkyiyeygqzlfvqhlkopdaztwz/Build/Products/Debug-iphonesimulator -Isystem /Applications/Xcode.app/Contents/Developer/Platforms/iPhoneSimulator.platform/Developer/usr/lib -F /Users/wilmeralzate/Library/Developer/Xcode/DerivedData/Runner-euekkyiyeygqzlfvqhlkopdaztwz/Build/Products/Debug-iphonesimulator -F /Users/wilmeralzate/Library/Developer/Xcode/DerivedData/Runner-euekkyiyeygqzlfvqhlkopdaztwz/Build/Products/Debug-iphonesimulator/FMDB -F /Users/wilmeralzate/Library/Developer/Xcode/DerivedData/Runner-euekkyiyeygqzlfvqhlkopdaztwz/Build/Products/Debug-iphonesimulator/SQLCipher -F /Users/wilmeralzate/Library/Developer/Xcode/DerivedData/Runner-euekkyiyeygqzlfvqhlkopdaztwz/Build/Products/Debug-iphonesimulator/audioplayers_darwin -F /Users/wilmeralzate/Library/Developer/Xcode/DerivedData/Runner-euekkyiyeygqzlfvqhlkopdaztwz/Build/Products/Debug-iphonesimulator/connectivity_plus -F /Users/wilmeralzate/Library/Developer/Xcode/DerivedData/Runner-euekkyiyeygqzlfvqhlkopdaztwz/Build/Products/Debug-iphonesimulator/file_selector_ios -F /Users/wilmeralzate/Library/Developer/Xcode/DerivedData/Runner-euekkyiyeygqzlfvqhlkopdaztwz/Build/Products/Debug-iphonesimulator/flutter_compass -F /Users/wilmeralzate/Library/Developer/Xcode/DerivedData/Runner-euekkyiyeygqzlfvqhlkopdaztwz/Build/Products/Debug-iphonesimulator/flutter_secure_storage_darwin -F /Users/wilmeralzate/Library/Developer/Xcode/DerivedData/Runner-euekkyiyeygqzlfvqhlkopdaztwz/Build/Products/Debug-iphonesimulator/geolocator_apple -F /Users/wilmeralzate/Library/Developer/Xcode/DerivedData/Runner-euekkyiyeygqzlfvqhlkopdaztwz/Build/Products/Debug-iphonesimulator/mobile_scanner -F /Users/wilmeralzate/Library/Developer/Xcode/DerivedData/Runner-euekkyiyeygqzlfvqhlkopdaztwz/Build/Products/Debug-iphonesimulator/package_info_plus -F /Users/wilmeralzate/Library/Developer/Xcode/DerivedData/Runner-euekkyiyeygqzlfvqhlkopdaztwz/Build/Products/Debug-iphonesimulator/record_ios -F /Users/wilmeralzate/Library/Developer/Xcode/DerivedData/Runner-euekkyiyeygqzlfvqhlkopdaztwz/Build/Products/Debug-iphonesimulator/share_plus -F /Users/wilmeralzate/Library/Developer/Xcode/DerivedData/Runner-euekkyiyeygqzlfvqhlkopdaztwz/Build/Products/Debug-iphonesimulator/shared_preferences_foundation -F /Users/wilmeralzate/Library/Developer/Xcode/DerivedData/Runner-euekkyiyeygqzlfvqhlkopdaztwz/Build/Products/Debug-iphonesimulator/sqflite_sqlcipher -F /Users/wilmeralzate/Library/Developer/Xcode/DerivedData/Runner-euekkyiyeygqzlfvqhlkopdaztwz/Build/Products/Debug-iphonesimulator/url_launcher_ios -F /Applications/Xcode.app/Contents/Developer/Platforms/iPhoneSimulator.platform/Developer/Library/Frameworks -F /Applications/Xcode.app/Contents/Developer/Platforms/iPhoneSimulator.platform/Developer/SDKs/iPhoneSimulator26.5.sdk/Developer/Library/Frameworks -parse-as-library -c -j8 -enable-batch-mode -incremental -Xcc -ivfsstatcache -Xcc /Users/wilmeralzate/Library/Developer/Xcode/DerivedData/SDKStatCaches.noindex/iphonesimulator26.5-23F81a-6cfe768891a92b912361537c460fe42b.sdkstatcache -output-file-map /Users/wilmeralzate/Library/Developer/Xcode/DerivedData/Runner-euekkyiyeygqzlfvqhlkopdaztwz/Build/Intermediates.noindex/Runner.build/Debug-iphonesimulator/RunnerTests.build/Objects-normal/arm64/RunnerTests-OutputFileMap.json -use-frontend-parseable-output -save-temps -no-color-diagnostics -explicit-module-build -module-cache-path /Users/wilmeralzate/Library/Developer/Xcode/DerivedData/Runner-euekkyiyeygqzlfvqhlkopdaztwz/Build/Intermediates.noindex/SwiftExplicitPrecompiledModules -clang-scanner-module-cache-path /Users/wilmeralzate/Library/Developer/Xcode/DerivedData/ModuleCache.noindex -sdk-module-cache-path /Users/wilmeralzate/Library/Developer/Xcode/DerivedData/ModuleCache.noindex -serialize-diagnostics -emit-dependencies -emit-module -emit-module-path /Users/wilmeralzate/Library/Developer/Xcode/DerivedData/Runner-euekkyiyeygqzlfvqhlkopdaztwz/Build/Intermediates.noindex/Runner.build/Debug-iphonesimulator/RunnerTests.build/Objects-normal/arm64/RunnerTests.swiftmodule -validate-clang-modules-once -clang-build-session-file /Users/wilmeralzate/Library/Developer/Xcode/DerivedData/ModuleCache.noindex/Session.modulevalidation -Xcc -I/Users/wilmeralzate/Library/Developer/Xcode/DerivedData/Runner-euekkyiyeygqzlfvqhlkopdaztwz/Build/Intermediates.noindex/Runner.build/Debug-iphonesimulator/RunnerTests.build/swift-overrides.hmap -emit-const-values -Xfrontend -const-gather-protocols-file -Xfrontend /Users/wilmeralzate/Library/Developer/Xcode/DerivedData/Runner-euekkyiyeygqzlfvqhlkopdaztwz/Build/Intermediates.noindex/Runner.build/Debug-iphonesimulator/RunnerTests.build/Objects-normal/arm64/RunnerTests_const_extract_protocols.json -Xcc -iquote -Xcc /Users/wilmeralzate/Library/Developer/Xcode/DerivedData/Runner-euekkyiyeygqzlfvqhlkopdaztwz/Build/Intermediates.noindex/Runner.build/Debug-iphonesimulator/RunnerTests.build/RunnerTests-generated-files.hmap -Xcc -I/Users/wilmeralzate/Library/Developer/Xcode/DerivedData/Runner-euekkyiyeygqzlfvqhlkopdaztwz/Build/Intermediates.noindex/Runner.build/Debug-iphonesimulator/RunnerTests.build/RunnerTests-own-target-headers.hmap -Xcc -I/Users/wilmeralzate/Library/Developer/Xcode/DerivedData/Runner-euekkyiyeygqzlfvqhlkopdaztwz/Build/Intermediates.noindex/Runner.build/Debug-iphonesimulator/RunnerTests.build/RunnerTests-all-non-framework-target-headers.hmap -Xcc -ivfsoverlay -Xcc /Users/wilmeralzate/Library/Developer/Xcode/DerivedData/Runner-euekkyiyeygqzlfvqhlkopdaztwz/Build/Intermediates.noindex/Runner.build/Debug-iphonesimulator/Runner-18c1723432283e0cc55f10a6dcfd9e02-VFS-iphonesimulator/all-product-headers.yaml -Xcc -iquote -Xcc /Users/wilmeralzate/Library/Developer/Xcode/DerivedData/Runner-euekkyiyeygqzlfvqhlkopdaztwz/Build/Intermediates.noindex/Runner.build/Debug-iphonesimulator/RunnerTests.build/RunnerTests-project-headers.hmap -Xcc -I/Users/wilmeralzate/Library/Developer/Xcode/DerivedData/Runner-euekkyiyeygqzlfvqhlkopdaztwz/Build/Products/Debug-iphonesimulator/include -Xcc -I/Users/wilmeralzate/Library/Developer/Xcode/DerivedData/Runner-euekkyiyeygqzlfvqhlkopdaztwz/Build/Products/Debug-iphonesimulator/FMDB/FMDB.framework/Headers -Xcc -I/Users/wilmeralzate/Library/Developer/Xcode/DerivedData/Runner-euekkyiyeygqzlfvqhlkopdaztwz/Build/Products/Debug-iphonesimulator/SQLCipher/SQLCipher.framework/Headers -Xcc -I/Users/wilmeralzate/Library/Developer/Xcode/DerivedData/Runner-euekkyiyeygqzlfvqhlkopdaztwz/Build/Products/Debug-iphonesimulator/audioplayers_darwin/audioplayers_darwin.framework/Headers -Xcc -I/Users/wilmeralzate/Library/Developer/Xcode/DerivedData/Runner-euekkyiyeygqzlfvqhlkopdaztwz/Build/Products/Debug-iphonesimulator/connectivity_plus/connectivity_plus.framework/Headers -Xcc -I/Users/wilmeralzate/Library/Developer/Xcode/DerivedData/Runner-euekkyiyeygqzlfvqhlkopdaztwz/Build/Products/Debug-iphonesimulator/file_selector_ios/file_selector_ios.framework/Headers -Xcc -I/Users/wilmeralzate/Library/Developer/Xcode/DerivedData/Runner-euekkyiyeygqzlfvqhlkopdaztwz/Build/Products/Debug-iphonesimulator/flutter_compass/flutter_compass.framework/Headers -Xcc -I/Users/wilmeralzate/Library/Developer/Xcode/DerivedData/Runner-euekkyiyeygqzlfvqhlkopdaztwz/Build/Products/Debug-iphonesimulator/flutter_secure_storage_darwin/flutter_secure_storage_darwin.framework/Headers -Xcc -I/Users/wilmeralzate/Library/Developer/Xcode/DerivedData/Runner-euekkyiyeygqzlfvqhlkopdaztwz/Build/Products/Debug-iphonesimulator/geolocator_apple/geolocator_apple.framework/Headers -Xcc -I/Users/wilmeralzate/Library/Developer/Xcode/DerivedData/Runner-euekkyiyeygqzlfvqhlkopdaztwz/Build/Products/Debug-iphonesimulator/mobile_scanner/mobile_scanner.framework/Headers -Xcc -I/Users/wilmeralzate/Library/Developer/Xcode/DerivedData/Runner-euekkyiyeygqzlfvqhlkopdaztwz/Build/Products/Debug-iphonesimulator/package_info_plus/package_info_plus.framework/Headers -Xcc -I/Users/wilmeralzate/Library/Developer/Xcode/DerivedData/Runner-euekkyiyeygqzlfvqhlkopdaztwz/Build/Products/Debug-iphonesimulator/record_ios/record_ios.framework/Headers -Xcc -I/Users/wilmeralzate/Library/Developer/Xcode/DerivedData/Runner-euekkyiyeygqzlfvqhlkopdaztwz/Build/Products/Debug-iphonesimulator/share_plus/share_plus.framework/Headers -Xcc -I/Users/wilmeralzate/Library/Developer/Xcode/DerivedData/Runner-euekkyiyeygqzlfvqhlkopdaztwz/Build/Products/Debug-iphonesimulator/shared_preferences_foundation/shared_preferences_foundation.framework/Headers -Xcc -I/Users/wilmeralzate/Library/Developer/Xcode/DerivedData/Runner-euekkyiyeygqzlfvqhlkopdaztwz/Build/Products/Debug-iphonesimulator/sqflite_sqlcipher/sqflite_sqlcipher.framework/Headers -Xcc -I/Users/wilmeralzate/Library/Developer/Xcode/DerivedData/Runner-euekkyiyeygqzlfvqhlkopdaztwz/Build/Products/Debug-iphonesimulator/url_launcher_ios/url_launcher_ios.framework/Headers -Xcc -ISQLCipher -Xcc -I/Users/wilmeralzate/Documents/GitHub/HearthBit/app/ios/Pods/SQLCipher -Xcc -I/Users/wilmeralzate/Library/Developer/Xcode/DerivedData/Runner-euekkyiyeygqzlfvqhlkopdaztwz/Build/Intermediates.noindex/Runner.build/Debug-iphonesimulator/RunnerTests.build/DerivedSources-normal/arm64 -Xcc -I/Users/wilmeralzate/Library/Developer/Xcode/DerivedData/Runner-euekkyiyeygqzlfvqhlkopdaztwz/Build/Intermediates.noindex/Runner.build/Debug-iphonesimulator/RunnerTests.build/DerivedSources/arm64 -Xcc -I/Users/wilmeralzate/Library/Developer/Xcode/DerivedData/Runner-euekkyiyeygqzlfvqhlkopdaztwz/Build/Intermediates.noindex/Runner.build/Debug-iphonesimulator/RunnerTests.build/DerivedSources -Xcc -DDEBUG\=1 -Xcc -DCOCOAPODS\=1 -Xcc -DSQLITE_HAS_CODEC\=1 -Xcc -D_SQLITE3_H_\=1 -Xcc -D_FTS5_H\=1 -Xcc -D_SQLITE3RTREE_H_\=1 -emit-objc-header -emit-objc-header-path /Users/wilmeralzate/Library/Developer/Xcode/DerivedData/Runner-euekkyiyeygqzlfvqhlkopdaztwz/Build/Intermediates.noindex/Runner.build/Debug-iphonesimulator/RunnerTests.build/Objects-normal/arm64/RunnerTests-Swift.h -working-directory /Users/wilmeralzate/Documents/GitHub/HearthBit/app/ios -experimental-emit-module-separately -disable-cmo

SwiftDriverJobDiscovery normal arm64 Emitting module for RunnerTests (in target 'RunnerTests' from project 'Runner')

SwiftDriver\ Compilation\ Requirements RunnerTests normal arm64 com.apple.xcode.tools.swift.compiler (in target 'RunnerTests' from project 'Runner')
    cd /Users/wilmeralzate/Documents/GitHub/HearthBit/app/ios
    builtin-Swift-Compilation-Requirements -- /Applications/Xcode.app/Contents/Developer/Toolchains/XcodeDefault.xctoolchain/usr/bin/swiftc -module-name RunnerTests -Onone @/Users/wilmeralzate/Library/Developer/Xcode/DerivedData/Runner-euekkyiyeygqzlfvqhlkopdaztwz/Build/Intermediates.noindex/Runner.build/Debug-iphonesimulator/RunnerTests.build/Objects-normal/arm64/RunnerTests.SwiftFileList -DDEBUG -plugin-path /Applications/Xcode.app/Contents/Developer/Toolchains/XcodeDefault.xctoolchain/usr/lib/swift/host/plugins/testing -enable-bare-slash-regex -enable-experimental-feature DebugDescriptionMacro -sdk /Applications/Xcode.app/Contents/Developer/Platforms/iPhoneSimulator.platform/Developer/SDKs/iPhoneSimulator26.5.sdk -target arm64-apple-ios16.0-simulator -g -module-cache-path /Users/wilmeralzate/Library/Developer/Xcode/DerivedData/ModuleCache.noindex -Xfrontend -serialize-debugging-options -enable-testing -index-store-path /Users/wilmeralzate/Library/Developer/Xcode/DerivedData/Runner-euekkyiyeygqzlfvqhlkopdaztwz/Index.noindex/DataStore -Xcc -D_LIBCPP_HARDENING_MODE\=_LIBCPP_HARDENING_MODE_DEBUG -swift-version 5 -I /Users/wilmeralzate/Library/Developer/Xcode/DerivedData/Runner-euekkyiyeygqzlfvqhlkopdaztwz/Build/Products/Debug-iphonesimulator -Isystem /Applications/Xcode.app/Contents/Developer/Platforms/iPhoneSimulator.platform/Developer/usr/lib -F /Users/wilmeralzate/Library/Developer/Xcode/DerivedData/Runner-euekkyiyeygqzlfvqhlkopdaztwz/Build/Products/Debug-iphonesimulator -F /Users/wilmeralzate/Library/Developer/Xcode/DerivedData/Runner-euekkyiyeygqzlfvqhlkopdaztwz/Build/Products/Debug-iphonesimulator/FMDB -F /Users/wilmeralzate/Library/Developer/Xcode/DerivedData/Runner-euekkyiyeygqzlfvqhlkopdaztwz/Build/Products/Debug-iphonesimulator/SQLCipher -F /Users/wilmeralzate/Library/Developer/Xcode/DerivedData/Runner-euekkyiyeygqzlfvqhlkopdaztwz/Build/Products/Debug-iphonesimulator/audioplayers_darwin -F /Users/wilmeralzate/Library/Developer/Xcode/DerivedData/Runner-euekkyiyeygqzlfvqhlkopdaztwz/Build/Products/Debug-iphonesimulator/connectivity_plus -F /Users/wilmeralzate/Library/Developer/Xcode/DerivedData/Runner-euekkyiyeygqzlfvqhlkopdaztwz/Build/Products/Debug-iphonesimulator/file_selector_ios -F /Users/wilmeralzate/Library/Developer/Xcode/DerivedData/Runner-euekkyiyeygqzlfvqhlkopdaztwz/Build/Products/Debug-iphonesimulator/flutter_compass -F /Users/wilmeralzate/Library/Developer/Xcode/DerivedData/Runner-euekkyiyeygqzlfvqhlkopdaztwz/Build/Products/Debug-iphonesimulator/flutter_secure_storage_darwin -F /Users/wilmeralzate/Library/Developer/Xcode/DerivedData/Runner-euekkyiyeygqzlfvqhlkopdaztwz/Build/Products/Debug-iphonesimulator/geolocator_apple -F /Users/wilmeralzate/Library/Developer/Xcode/DerivedData/Runner-euekkyiyeygqzlfvqhlkopdaztwz/Build/Products/Debug-iphonesimulator/mobile_scanner -F /Users/wilmeralzate/Library/Developer/Xcode/DerivedData/Runner-euekkyiyeygqzlfvqhlkopdaztwz/Build/Products/Debug-iphonesimulator/package_info_plus -F /Users/wilmeralzate/Library/Developer/Xcode/DerivedData/Runner-euekkyiyeygqzlfvqhlkopdaztwz/Build/Products/Debug-iphonesimulator/record_ios -F /Users/wilmeralzate/Library/Developer/Xcode/DerivedData/Runner-euekkyiyeygqzlfvqhlkopdaztwz/Build/Products/Debug-iphonesimulator/share_plus -F /Users/wilmeralzate/Library/Developer/Xcode/DerivedData/Runner-euekkyiyeygqzlfvqhlkopdaztwz/Build/Products/Debug-iphonesimulator/shared_preferences_foundation -F /Users/wilmeralzate/Library/Developer/Xcode/DerivedData/Runner-euekkyiyeygqzlfvqhlkopdaztwz/Build/Products/Debug-iphonesimulator/sqflite_sqlcipher -F /Users/wilmeralzate/Library/Developer/Xcode/DerivedData/Runner-euekkyiyeygqzlfvqhlkopdaztwz/Build/Products/Debug-iphonesimulator/url_launcher_ios -F /Applications/Xcode.app/Contents/Developer/Platforms/iPhoneSimulator.platform/Developer/Library/Frameworks -F /Applications/Xcode.app/Contents/Developer/Platforms/iPhoneSimulator.platform/Developer/SDKs/iPhoneSimulator26.5.sdk/Developer/Library/Frameworks -parse-as-library -c -j8 -enable-batch-mode -incremental -Xcc -ivfsstatcache -Xcc /Users/wilmeralzate/Library/Developer/Xcode/DerivedData/SDKStatCaches.noindex/iphonesimulator26.5-23F81a-6cfe768891a92b912361537c460fe42b.sdkstatcache -output-file-map /Users/wilmeralzate/Library/Developer/Xcode/DerivedData/Runner-euekkyiyeygqzlfvqhlkopdaztwz/Build/Intermediates.noindex/Runner.build/Debug-iphonesimulator/RunnerTests.build/Objects-normal/arm64/RunnerTests-OutputFileMap.json -use-frontend-parseable-output -save-temps -no-color-diagnostics -explicit-module-build -module-cache-path /Users/wilmeralzate/Library/Developer/Xcode/DerivedData/Runner-euekkyiyeygqzlfvqhlkopdaztwz/Build/Intermediates.noindex/SwiftExplicitPrecompiledModules -clang-scanner-module-cache-path /Users/wilmeralzate/Library/Developer/Xcode/DerivedData/ModuleCache.noindex -sdk-module-cache-path /Users/wilmeralzate/Library/Developer/Xcode/DerivedData/ModuleCache.noindex -serialize-diagnostics -emit-dependencies -emit-module -emit-module-path /Users/wilmeralzate/Library/Developer/Xcode/DerivedData/Runner-euekkyiyeygqzlfvqhlkopdaztwz/Build/Intermediates.noindex/Runner.build/Debug-iphonesimulator/RunnerTests.build/Objects-normal/arm64/RunnerTests.swiftmodule -validate-clang-modules-once -clang-build-session-file /Users/wilmeralzate/Library/Developer/Xcode/DerivedData/ModuleCache.noindex/Session.modulevalidation -Xcc -I/Users/wilmeralzate/Library/Developer/Xcode/DerivedData/Runner-euekkyiyeygqzlfvqhlkopdaztwz/Build/Intermediates.noindex/Runner.build/Debug-iphonesimulator/RunnerTests.build/swift-overrides.hmap -emit-const-values -Xfrontend -const-gather-protocols-file -Xfrontend /Users/wilmeralzate/Library/Developer/Xcode/DerivedData/Runner-euekkyiyeygqzlfvqhlkopdaztwz/Build/Intermediates.noindex/Runner.build/Debug-iphonesimulator/RunnerTests.build/Objects-normal/arm64/RunnerTests_const_extract_protocols.json -Xcc -iquote -Xcc /Users/wilmeralzate/Library/Developer/Xcode/DerivedData/Runner-euekkyiyeygqzlfvqhlkopdaztwz/Build/Intermediates.noindex/Runner.build/Debug-iphonesimulator/RunnerTests.build/RunnerTests-generated-files.hmap -Xcc -I/Users/wilmeralzate/Library/Developer/Xcode/DerivedData/Runner-euekkyiyeygqzlfvqhlkopdaztwz/Build/Intermediates.noindex/Runner.build/Debug-iphonesimulator/RunnerTests.build/RunnerTests-own-target-headers.hmap -Xcc -I/Users/wilmeralzate/Library/Developer/Xcode/DerivedData/Runner-euekkyiyeygqzlfvqhlkopdaztwz/Build/Intermediates.noindex/Runner.build/Debug-iphonesimulator/RunnerTests.build/RunnerTests-all-non-framework-target-headers.hmap -Xcc -ivfsoverlay -Xcc /Users/wilmeralzate/Library/Developer/Xcode/DerivedData/Runner-euekkyiyeygqzlfvqhlkopdaztwz/Build/Intermediates.noindex/Runner.build/Debug-iphonesimulator/Runner-18c1723432283e0cc55f10a6dcfd9e02-VFS-iphonesimulator/all-product-headers.yaml -Xcc -iquote -Xcc /Users/wilmeralzate/Library/Developer/Xcode/DerivedData/Runner-euekkyiyeygqzlfvqhlkopdaztwz/Build/Intermediates.noindex/Runner.build/Debug-iphonesimulator/RunnerTests.build/RunnerTests-project-headers.hmap -Xcc -I/Users/wilmeralzate/Library/Developer/Xcode/DerivedData/Runner-euekkyiyeygqzlfvqhlkopdaztwz/Build/Products/Debug-iphonesimulator/include -Xcc -I/Users/wilmeralzate/Library/Developer/Xcode/DerivedData/Runner-euekkyiyeygqzlfvqhlkopdaztwz/Build/Products/Debug-iphonesimulator/FMDB/FMDB.framework/Headers -Xcc -I/Users/wilmeralzate/Library/Developer/Xcode/DerivedData/Runner-euekkyiyeygqzlfvqhlkopdaztwz/Build/Products/Debug-iphonesimulator/SQLCipher/SQLCipher.framework/Headers -Xcc -I/Users/wilmeralzate/Library/Developer/Xcode/DerivedData/Runner-euekkyiyeygqzlfvqhlkopdaztwz/Build/Products/Debug-iphonesimulator/audioplayers_darwin/audioplayers_darwin.framework/Headers -Xcc -I/Users/wilmeralzate/Library/Developer/Xcode/DerivedData/Runner-euekkyiyeygqzlfvqhlkopdaztwz/Build/Products/Debug-iphonesimulator/connectivity_plus/connectivity_plus.framework/Headers -Xcc -I/Users/wilmeralzate/Library/Developer/Xcode/DerivedData/Runner-euekkyiyeygqzlfvqhlkopdaztwz/Build/Products/Debug-iphonesimulator/file_selector_ios/file_selector_ios.framework/Headers -Xcc -I/Users/wilmeralzate/Library/Developer/Xcode/DerivedData/Runner-euekkyiyeygqzlfvqhlkopdaztwz/Build/Products/Debug-iphonesimulator/flutter_compass/flutter_compass.framework/Headers -Xcc -I/Users/wilmeralzate/Library/Developer/Xcode/DerivedData/Runner-euekkyiyeygqzlfvqhlkopdaztwz/Build/Products/Debug-iphonesimulator/flutter_secure_storage_darwin/flutter_secure_storage_darwin.framework/Headers -Xcc -I/Users/wilmeralzate/Library/Developer/Xcode/DerivedData/Runner-euekkyiyeygqzlfvqhlkopdaztwz/Build/Products/Debug-iphonesimulator/geolocator_apple/geolocator_apple.framework/Headers -Xcc -I/Users/wilmeralzate/Library/Developer/Xcode/DerivedData/Runner-euekkyiyeygqzlfvqhlkopdaztwz/Build/Products/Debug-iphonesimulator/mobile_scanner/mobile_scanner.framework/Headers -Xcc -I/Users/wilmeralzate/Library/Developer/Xcode/DerivedData/Runner-euekkyiyeygqzlfvqhlkopdaztwz/Build/Products/Debug-iphonesimulator/package_info_plus/package_info_plus.framework/Headers -Xcc -I/Users/wilmeralzate/Library/Developer/Xcode/DerivedData/Runner-euekkyiyeygqzlfvqhlkopdaztwz/Build/Products/Debug-iphonesimulator/record_ios/record_ios.framework/Headers -Xcc -I/Users/wilmeralzate/Library/Developer/Xcode/DerivedData/Runner-euekkyiyeygqzlfvqhlkopdaztwz/Build/Products/Debug-iphonesimulator/share_plus/share_plus.framework/Headers -Xcc -I/Users/wilmeralzate/Library/Developer/Xcode/DerivedData/Runner-euekkyiyeygqzlfvqhlkopdaztwz/Build/Products/Debug-iphonesimulator/shared_preferences_foundation/shared_preferences_foundation.framework/Headers -Xcc -I/Users/wilmeralzate/Library/Developer/Xcode/DerivedData/Runner-euekkyiyeygqzlfvqhlkopdaztwz/Build/Products/Debug-iphonesimulator/sqflite_sqlcipher/sqflite_sqlcipher.framework/Headers -Xcc -I/Users/wilmeralzate/Library/Developer/Xcode/DerivedData/Runner-euekkyiyeygqzlfvqhlkopdaztwz/Build/Products/Debug-iphonesimulator/url_launcher_ios/url_launcher_ios.framework/Headers -Xcc -ISQLCipher -Xcc -I/Users/wilmeralzate/Documents/GitHub/HearthBit/app/ios/Pods/SQLCipher -Xcc -I/Users/wilmeralzate/Library/Developer/Xcode/DerivedData/Runner-euekkyiyeygqzlfvqhlkopdaztwz/Build/Intermediates.noindex/Runner.build/Debug-iphonesimulator/RunnerTests.build/DerivedSources-normal/arm64 -Xcc -I/Users/wilmeralzate/Library/Developer/Xcode/DerivedData/Runner-euekkyiyeygqzlfvqhlkopdaztwz/Build/Intermediates.noindex/Runner.build/Debug-iphonesimulator/RunnerTests.build/DerivedSources/arm64 -Xcc -I/Users/wilmeralzate/Library/Developer/Xcode/DerivedData/Runner-euekkyiyeygqzlfvqhlkopdaztwz/Build/Intermediates.noindex/Runner.build/Debug-iphonesimulator/RunnerTests.build/DerivedSources -Xcc -DDEBUG\=1 -Xcc -DCOCOAPODS\=1 -Xcc -DSQLITE_HAS_CODEC\=1 -Xcc -D_SQLITE3_H_\=1 -Xcc -D_FTS5_H\=1 -Xcc -D_SQLITE3RTREE_H_\=1 -emit-objc-header -emit-objc-header-path /Users/wilmeralzate/Library/Developer/Xcode/DerivedData/Runner-euekkyiyeygqzlfvqhlkopdaztwz/Build/Intermediates.noindex/Runner.build/Debug-iphonesimulator/RunnerTests.build/Objects-normal/arm64/RunnerTests-Swift.h -working-directory /Users/wilmeralzate/Documents/GitHub/HearthBit/app/ios -experimental-emit-module-separately -disable-cmo

Copy /Users/wilmeralzate/Library/Developer/Xcode/DerivedData/Runner-euekkyiyeygqzlfvqhlkopdaztwz/Build/Products/Debug-iphonesimulator/RunnerTests.swiftmodule/arm64-apple-ios-simulator.abi.json /Users/wilmeralzate/Library/Developer/Xcode/DerivedData/Runner-euekkyiyeygqzlfvqhlkopdaztwz/Build/Intermediates.noindex/Runner.build/Debug-iphonesimulator/RunnerTests.build/Objects-normal/arm64/RunnerTests.abi.json (in target 'RunnerTests' from project 'Runner')
    cd /Users/wilmeralzate/Documents/GitHub/HearthBit/app/ios
    builtin-copy -exclude .DS_Store -exclude CVS -exclude .svn -exclude .git -exclude .hg -resolve-src-symlinks -rename /Users/wilmeralzate/Library/Developer/Xcode/DerivedData/Runner-euekkyiyeygqzlfvqhlkopdaztwz/Build/Intermediates.noindex/Runner.build/Debug-iphonesimulator/RunnerTests.build/Objects-normal/arm64/RunnerTests.abi.json /Users/wilmeralzate/Library/Developer/Xcode/DerivedData/Runner-euekkyiyeygqzlfvqhlkopdaztwz/Build/Products/Debug-iphonesimulator/RunnerTests.swiftmodule/arm64-apple-ios-simulator.abi.json

Copy /Users/wilmeralzate/Library/Developer/Xcode/DerivedData/Runner-euekkyiyeygqzlfvqhlkopdaztwz/Build/Products/Debug-iphonesimulator/RunnerTests.swiftmodule/Project/arm64-apple-ios-simulator.swiftsourceinfo /Users/wilmeralzate/Library/Developer/Xcode/DerivedData/Runner-euekkyiyeygqzlfvqhlkopdaztwz/Build/Intermediates.noindex/Runner.build/Debug-iphonesimulator/RunnerTests.build/Objects-normal/arm64/RunnerTests.swiftsourceinfo (in target 'RunnerTests' from project 'Runner')
    cd /Users/wilmeralzate/Documents/GitHub/HearthBit/app/ios
    builtin-copy -exclude .DS_Store -exclude CVS -exclude .svn -exclude .git -exclude .hg -resolve-src-symlinks -rename /Users/wilmeralzate/Library/Developer/Xcode/DerivedData/Runner-euekkyiyeygqzlfvqhlkopdaztwz/Build/Intermediates.noindex/Runner.build/Debug-iphonesimulator/RunnerTests.build/Objects-normal/arm64/RunnerTests.swiftsourceinfo /Users/wilmeralzate/Library/Developer/Xcode/DerivedData/Runner-euekkyiyeygqzlfvqhlkopdaztwz/Build/Products/Debug-iphonesimulator/RunnerTests.swiftmodule/Project/arm64-apple-ios-simulator.swiftsourceinfo

Ld /Users/wilmeralzate/Library/Developer/Xcode/DerivedData/Runner-euekkyiyeygqzlfvqhlkopdaztwz/Build/Products/Debug-iphonesimulator/Runner.app/PlugIns/RunnerTests.xctest/RunnerTests normal (in target 'RunnerTests' from project 'Runner')
    cd /Users/wilmeralzate/Documents/GitHub/HearthBit/app/ios
    /Applications/Xcode.app/Contents/Developer/Toolchains/XcodeDefault.xctoolchain/usr/bin/clang -Xlinker -reproducible -target arm64-apple-ios16.0-simulator -bundle -isysroot /Applications/Xcode.app/Contents/Developer/Platforms/iPhoneSimulator.platform/Developer/SDKs/iPhoneSimulator26.5.sdk -O0 -L/Users/wilmeralzate/Library/Developer/Xcode/DerivedData/Runner-euekkyiyeygqzlfvqhlkopdaztwz/Build/Intermediates.noindex/EagerLinkingTBDs/Debug-iphonesimulator -L/Users/wilmeralzate/Library/Developer/Xcode/DerivedData/Runner-euekkyiyeygqzlfvqhlkopdaztwz/Build/Products/Debug-iphonesimulator -L/Applications/Xcode.app/Contents/Developer/Toolchains/XcodeDefault.xctoolchain/usr/lib/swift/iphonesimulator -L/Applications/Xcode.app/Contents/Developer/Platforms/iPhoneSimulator.platform/Developer/SDKs/iPhoneSimulator26.5.sdk/usr/lib/swift -L/Applications/Xcode.app/Contents/Developer/Platforms/iPhoneSimulator.platform/Developer/usr/lib -F/Users/wilmeralzate/Library/Developer/Xcode/DerivedData/Runner-euekkyiyeygqzlfvqhlkopdaztwz/Build/Intermediates.noindex/EagerLinkingTBDs/Debug-iphonesimulator -F/Users/wilmeralzate/Library/Developer/Xcode/DerivedData/Runner-euekkyiyeygqzlfvqhlkopdaztwz/Build/Products/Debug-iphonesimulator -F/Users/wilmeralzate/Library/Developer/Xcode/DerivedData/Runner-euekkyiyeygqzlfvqhlkopdaztwz/Build/Products/Debug-iphonesimulator/FMDB -F/Users/wilmeralzate/Library/Developer/Xcode/DerivedData/Runner-euekkyiyeygqzlfvqhlkopdaztwz/Build/Products/Debug-iphonesimulator/SQLCipher -F/Users/wilmeralzate/Library/Developer/Xcode/DerivedData/Runner-euekkyiyeygqzlfvqhlkopdaztwz/Build/Products/Debug-iphonesimulator/audioplayers_darwin -F/Users/wilmeralzate/Library/Developer/Xcode/DerivedData/Runner-euekkyiyeygqzlfvqhlkopdaztwz/Build/Products/Debug-iphonesimulator/connectivity_plus -F/Users/wilmeralzate/Library/Developer/Xcode/DerivedData/Runner-euekkyiyeygqzlfvqhlkopdaztwz/Build/Products/Debug-iphonesimulator/file_selector_ios -F/Users/wilmeralzate/Library/Developer/Xcode/DerivedData/Runner-euekkyiyeygqzlfvqhlkopdaztwz/Build/Products/Debug-iphonesimulator/flutter_compass -F/Users/wilmeralzate/Library/Developer/Xcode/DerivedData/Runner-euekkyiyeygqzlfvqhlkopdaztwz/Build/Products/Debug-iphonesimulator/flutter_secure_storage_darwin -F/Users/wilmeralzate/Library/Developer/Xcode/DerivedData/Runner-euekkyiyeygqzlfvqhlkopdaztwz/Build/Products/Debug-iphonesimulator/geolocator_apple -F/Users/wilmeralzate/Library/Developer/Xcode/DerivedData/Runner-euekkyiyeygqzlfvqhlkopdaztwz/Build/Products/Debug-iphonesimulator/mobile_scanner -F/Users/wilmeralzate/Library/Developer/Xcode/DerivedData/Runner-euekkyiyeygqzlfvqhlkopdaztwz/Build/Products/Debug-iphonesimulator/package_info_plus -F/Users/wilmeralzate/Library/Developer/Xcode/DerivedData/Runner-euekkyiyeygqzlfvqhlkopdaztwz/Build/Products/Debug-iphonesimulator/record_ios -F/Users/wilmeralzate/Library/Developer/Xcode/DerivedData/Runner-euekkyiyeygqzlfvqhlkopdaztwz/Build/Products/Debug-iphonesimulator/share_plus -F/Users/wilmeralzate/Library/Developer/Xcode/DerivedData/Runner-euekkyiyeygqzlfvqhlkopdaztwz/Build/Products/Debug-iphonesimulator/shared_preferences_foundation -F/Users/wilmeralzate/Library/Developer/Xcode/DerivedData/Runner-euekkyiyeygqzlfvqhlkopdaztwz/Build/Products/Debug-iphonesimulator/sqflite_sqlcipher -F/Users/wilmeralzate/Library/Developer/Xcode/DerivedData/Runner-euekkyiyeygqzlfvqhlkopdaztwz/Build/Products/Debug-iphonesimulator/url_launcher_ios -iframework /Applications/Xcode.app/Contents/Developer/Platforms/iPhoneSimulator.platform/Developer/Library/Frameworks -iframework /Applications/Xcode.app/Contents/Developer/Platforms/iPhoneSimulator.platform/Developer/SDKs/iPhoneSimulator26.5.sdk/Developer/Library/Frameworks -filelist /Users/wilmeralzate/Library/Developer/Xcode/DerivedData/Runner-euekkyiyeygqzlfvqhlkopdaztwz/Build/Intermediates.noindex/Runner.build/Debug-iphonesimulator/RunnerTests.build/Objects-normal/arm64/RunnerTests.LinkFileList -Xlinker -rpath -Xlinker /usr/lib/swift -Xlinker -rpath -Xlinker @loader_path/Frameworks -Xlinker -rpath -Xlinker @executable_path/Frameworks -Xlinker -dead_strip -bundle_loader /Users/wilmeralzate/Library/Developer/Xcode/DerivedData/Runner-euekkyiyeygqzlfvqhlkopdaztwz/Build/Products/Debug-iphonesimulator/Runner.app/Runner -Xlinker -object_path_lto -Xlinker /Users/wilmeralzate/Library/Developer/Xcode/DerivedData/Runner-euekkyiyeygqzlfvqhlkopdaztwz/Build/Intermediates.noindex/Runner.build/Debug-iphonesimulator/RunnerTests.build/Objects-normal/arm64/RunnerTests_lto.o -rdynamic -Xlinker -no_deduplicate -Xlinker -objc_abi_version -Xlinker 2 -Xlinker -dependency_info -Xlinker /Users/wilmeralzate/Library/Developer/Xcode/DerivedData/Runner-euekkyiyeygqzlfvqhlkopdaztwz/Build/Intermediates.noindex/Runner.build/Debug-iphonesimulator/RunnerTests.build/Objects-normal/arm64/RunnerTests_dependency_info.dat -fobjc-link-runtime -L/Applications/Xcode.app/Contents/Developer/Toolchains/XcodeDefault.xctoolchain/usr/lib/swift/iphonesimulator -L/usr/lib/swift -Xlinker -add_ast_path -Xlinker /Users/wilmeralzate/Library/Developer/Xcode/DerivedData/Runner-euekkyiyeygqzlfvqhlkopdaztwz/Build/Intermediates.noindex/Runner.build/Debug-iphonesimulator/RunnerTests.build/Objects-normal/arm64/RunnerTests.swiftmodule @/Users/wilmeralzate/Library/Developer/Xcode/DerivedData/Runner-euekkyiyeygqzlfvqhlkopdaztwz/Build/Intermediates.noindex/Runner.build/Debug-iphonesimulator/RunnerTests.build/Objects-normal/arm64/RunnerTests-linker-args.resp -framework FMDB -framework Foundation -framework SQLCipher -framework Security -framework audioplayers_darwin -framework connectivity_plus -framework file_selector_ios -framework flutter_compass -framework flutter_secure_storage_darwin -framework geolocator_apple -framework mobile_scanner -framework package_info_plus -framework record_ios -framework share_plus -framework shared_preferences_foundation -framework sqflite_sqlcipher -framework url_launcher_ios -weak_framework LinkPresentation -Xlinker -needed_framework -Xlinker XCTest -framework XCTest -Xlinker -needed-lXCTestSwiftSupport -lXCTestSwiftSupport -framework Pods_RunnerTests /Users/wilmeralzate/Library/Developer/Xcode/DerivedData/Runner-euekkyiyeygqzlfvqhlkopdaztwz/Build/Products/Debug-iphonesimulator/Runner.app/Runner.debug.dylib -Xlinker -no_adhoc_codesign -o /Users/wilmeralzate/Library/Developer/Xcode/DerivedData/Runner-euekkyiyeygqzlfvqhlkopdaztwz/Build/Products/Debug-iphonesimulator/Runner.app/PlugIns/RunnerTests.xctest/RunnerTests

ExtractAppIntentsMetadata (in target 'RunnerTests' from project 'Runner')
    cd /Users/wilmeralzate/Documents/GitHub/HearthBit/app/ios
    /Applications/Xcode.app/Contents/Developer/Toolchains/XcodeDefault.xctoolchain/usr/bin/appintentsmetadataprocessor --toolchain-dir /Applications/Xcode.app/Contents/Developer/Toolchains/XcodeDefault.xctoolchain --module-name RunnerTests --sdk-root /Applications/Xcode.app/Contents/Developer/Platforms/iPhoneSimulator.platform/Developer/SDKs/iPhoneSimulator26.5.sdk --xcode-version 17F113 --platform-family iOS --deployment-target 16.0 --bundle-identifier com.hearthbit.app.RunnerTests --output /Users/wilmeralzate/Library/Developer/Xcode/DerivedData/Runner-euekkyiyeygqzlfvqhlkopdaztwz/Build/Products/Debug-iphonesimulator/Runner.app/PlugIns/RunnerTests.xctest --target-triple arm64-apple-ios16.0-simulator --binary-file /Users/wilmeralzate/Library/Developer/Xcode/DerivedData/Runner-euekkyiyeygqzlfvqhlkopdaztwz/Build/Products/Debug-iphonesimulator/Runner.app/PlugIns/RunnerTests.xctest/RunnerTests --dependency-file /Users/wilmeralzate/Library/Developer/Xcode/DerivedData/Runner-euekkyiyeygqzlfvqhlkopdaztwz/Build/Intermediates.noindex/Runner.build/Debug-iphonesimulator/RunnerTests.build/Objects-normal/arm64/RunnerTests_dependency_info.dat --stringsdata-file /Users/wilmeralzate/Library/Developer/Xcode/DerivedData/Runner-euekkyiyeygqzlfvqhlkopdaztwz/Build/Intermediates.noindex/Runner.build/Debug-iphonesimulator/RunnerTests.build/Objects-normal/arm64/ExtractedAppShortcutsMetadata.stringsdata --source-file-list /Users/wilmeralzate/Library/Developer/Xcode/DerivedData/Runner-euekkyiyeygqzlfvqhlkopdaztwz/Build/Intermediates.noindex/Runner.build/Debug-iphonesimulator/RunnerTests.build/Objects-normal/arm64/RunnerTests.SwiftFileList --metadata-file-list /Users/wilmeralzate/Library/Developer/Xcode/DerivedData/Runner-euekkyiyeygqzlfvqhlkopdaztwz/Build/Intermediates.noindex/Runner.build/Debug-iphonesimulator/RunnerTests.build/RunnerTests.DependencyMetadataFileList --static-metadata-file-list /Users/wilmeralzate/Library/Developer/Xcode/DerivedData/Runner-euekkyiyeygqzlfvqhlkopdaztwz/Build/Intermediates.noindex/Runner.build/Debug-iphonesimulator/RunnerTests.build/RunnerTests.DependencyStaticMetadataFileList --swift-const-vals-list /Users/wilmeralzate/Library/Developer/Xcode/DerivedData/Runner-euekkyiyeygqzlfvqhlkopdaztwz/Build/Intermediates.noindex/Runner.build/Debug-iphonesimulator/RunnerTests.build/Objects-normal/arm64/RunnerTests.SwiftConstValuesFileList --compile-time-extraction --deployment-aware-processing --validate-assistant-intents --no-app-shortcuts-localization
2026-08-14 21:25:28.842 appintentsmetadataprocessor[88419:2216491] Starting appintentsmetadataprocessor export
2026-08-14 21:25:28.850 appintentsmetadataprocessor[88419:2216491] warning: Metadata extraction skipped. No AppIntents.framework dependency found.

CopySwiftLibs /Users/wilmeralzate/Library/Developer/Xcode/DerivedData/Runner-euekkyiyeygqzlfvqhlkopdaztwz/Build/Products/Debug-iphonesimulator/Runner.app/PlugIns/RunnerTests.xctest (in target 'RunnerTests' from project 'Runner')
    cd /Users/wilmeralzate/Documents/GitHub/HearthBit/app/ios
    builtin-swiftStdLibTool --copy --verbose --sign - --scan-executable /Users/wilmeralzate/Library/Developer/Xcode/DerivedData/Runner-euekkyiyeygqzlfvqhlkopdaztwz/Build/Products/Debug-iphonesimulator/Runner.app/PlugIns/RunnerTests.xctest/RunnerTests --scan-folder /Users/wilmeralzate/Library/Developer/Xcode/DerivedData/Runner-euekkyiyeygqzlfvqhlkopdaztwz/Build/Products/Debug-iphonesimulator/Runner.app/PlugIns/RunnerTests.xctest/Frameworks --scan-folder /Users/wilmeralzate/Library/Developer/Xcode/DerivedData/Runner-euekkyiyeygqzlfvqhlkopdaztwz/Build/Products/Debug-iphonesimulator/Runner.app/PlugIns/RunnerTests.xctest/PlugIns --scan-folder /Users/wilmeralzate/Library/Developer/Xcode/DerivedData/Runner-euekkyiyeygqzlfvqhlkopdaztwz/Build/Products/Debug-iphonesimulator/Runner.app/PlugIns/RunnerTests.xctest/SystemExtensions --scan-folder /Users/wilmeralzate/Library/Developer/Xcode/DerivedData/Runner-euekkyiyeygqzlfvqhlkopdaztwz/Build/Products/Debug-iphonesimulator/Runner.app/PlugIns/RunnerTests.xctest/Extensions --scan-folder /Users/wilmeralzate/Library/Developer/Xcode/DerivedData/Runner-euekkyiyeygqzlfvqhlkopdaztwz/Build/Products/Debug-iphonesimulator/Pods_RunnerTests.framework --platform iphonesimulator --toolchain /Applications/Xcode.app/Contents/Developer/Toolchains/XcodeDefault.xctoolchain --destination /Users/wilmeralzate/Library/Developer/Xcode/DerivedData/Runner-euekkyiyeygqzlfvqhlkopdaztwz/Build/Products/Debug-iphonesimulator/Runner.app/PlugIns/RunnerTests.xctest/Frameworks --strip-bitcode --scan-executable /Applications/Xcode.app/Contents/Developer/Platforms/iPhoneSimulator.platform/Developer/usr/lib/libXCTestSwiftSupport.dylib --strip-bitcode-tool /Applications/Xcode.app/Contents/Developer/Toolchains/XcodeDefault.xctoolchain/usr/bin/bitcode_strip --emit-dependency-info /Users/wilmeralzate/Library/Developer/Xcode/DerivedData/Runner-euekkyiyeygqzlfvqhlkopdaztwz/Build/Intermediates.noindex/Runner.build/Debug-iphonesimulator/RunnerTests.build/SwiftStdLibToolInputDependencies.dep --filter-for-swift-os

CodeSign /Users/wilmeralzate/Library/Developer/Xcode/DerivedData/Runner-euekkyiyeygqzlfvqhlkopdaztwz/Build/Products/Debug-iphonesimulator/Runner.app/PlugIns/RunnerTests.xctest (in target 'RunnerTests' from project 'Runner')
    cd /Users/wilmeralzate/Documents/GitHub/HearthBit/app/ios
    
    Signing Identity:     "Sign to Run Locally"
    
    /usr/bin/codesign --force --sign - --timestamp\=none --generate-entitlement-der /Users/wilmeralzate/Library/Developer/Xcode/DerivedData/Runner-euekkyiyeygqzlfvqhlkopdaztwz/Build/Products/Debug-iphonesimulator/Runner.app/PlugIns/RunnerTests.xctest

CodeSign /Users/wilmeralzate/Library/Developer/Xcode/DerivedData/Runner-euekkyiyeygqzlfvqhlkopdaztwz/Build/Products/Debug-iphonesimulator/Runner.app/Runner.debug.dylib (in target 'Runner' from project 'Runner')
    cd /Users/wilmeralzate/Documents/GitHub/HearthBit/app/ios
    
    Signing Identity:     "Sign to Run Locally"
    
    /usr/bin/codesign --force --sign - --timestamp\=none --generate-entitlement-der /Users/wilmeralzate/Library/Developer/Xcode/DerivedData/Runner-euekkyiyeygqzlfvqhlkopdaztwz/Build/Products/Debug-iphonesimulator/Runner.app/Runner.debug.dylib
/Users/wilmeralzate/Library/Developer/Xcode/DerivedData/Runner-euekkyiyeygqzlfvqhlkopdaztwz/Build/Products/Debug-iphonesimulator/Runner.app/Runner.debug.dylib: replacing existing signature

CodeSign /Users/wilmeralzate/Library/Developer/Xcode/DerivedData/Runner-euekkyiyeygqzlfvqhlkopdaztwz/Build/Products/Debug-iphonesimulator/Runner.app/__preview.dylib (in target 'Runner' from project 'Runner')
    cd /Users/wilmeralzate/Documents/GitHub/HearthBit/app/ios
    
    Signing Identity:     "Sign to Run Locally"
    
    /usr/bin/codesign --force --sign - --timestamp\=none --generate-entitlement-der /Users/wilmeralzate/Library/Developer/Xcode/DerivedData/Runner-euekkyiyeygqzlfvqhlkopdaztwz/Build/Products/Debug-iphonesimulator/Runner.app/__preview.dylib
/Users/wilmeralzate/Library/Developer/Xcode/DerivedData/Runner-euekkyiyeygqzlfvqhlkopdaztwz/Build/Products/Debug-iphonesimulator/Runner.app/__preview.dylib: replacing existing signature

CodeSign /Users/wilmeralzate/Library/Developer/Xcode/DerivedData/Runner-euekkyiyeygqzlfvqhlkopdaztwz/Build/Products/Debug-iphonesimulator/Runner.app (in target 'Runner' from project 'Runner')
    cd /Users/wilmeralzate/Documents/GitHub/HearthBit/app/ios
    
    Signing Identity:     "Sign to Run Locally"
    
    /usr/bin/codesign --force --sign - --entitlements /Users/wilmeralzate/Library/Developer/Xcode/DerivedData/Runner-euekkyiyeygqzlfvqhlkopdaztwz/Build/Intermediates.noindex/Runner.build/Debug-iphonesimulator/Runner.build/Runner.app.xcent --timestamp\=none --generate-entitlement-der /Users/wilmeralzate/Library/Developer/Xcode/DerivedData/Runner-euekkyiyeygqzlfvqhlkopdaztwz/Build/Products/Debug-iphonesimulator/Runner.app
/Users/wilmeralzate/Library/Developer/Xcode/DerivedData/Runner-euekkyiyeygqzlfvqhlkopdaztwz/Build/Products/Debug-iphonesimulator/Runner.app: replacing existing signature

Validate /Users/wilmeralzate/Library/Developer/Xcode/DerivedData/Runner-euekkyiyeygqzlfvqhlkopdaztwz/Build/Products/Debug-iphonesimulator/Runner.app (in target 'Runner' from project 'Runner')
    cd /Users/wilmeralzate/Documents/GitHub/HearthBit/app/ios
    builtin-validationUtility /Users/wilmeralzate/Library/Developer/Xcode/DerivedData/Runner-euekkyiyeygqzlfvqhlkopdaztwz/Build/Products/Debug-iphonesimulator/Runner.app -shallow-bundle -infoplist-subpath Info.plist

Testing started
Test suite 'RunnerTests' started on 'Clone 1 of iPhone 17 Pro - Runner (88665)'
Test case 'RunnerTests.testBeaconControlUsesDirectedSignedType26WithStrictFiveMinutePayload()' passed on 'Clone 1 of iPhone 17 Pro - Runner (88665)' (0.022 seconds)
Test case 'RunnerTests.testBLEPriorityQueuePrioritizesEmergencyWithoutStarvingNormalFrames()' passed on 'Clone 1 of iPhone 17 Pro - Runner (88665)' (0.001 seconds)
Test case 'RunnerTests.testBLEPriorityQueueReportsCapacityInsteadOfSilentlyDroppingSOS()' passed on 'Clone 1 of iPhone 17 Pro - Runner (88665)' (0.001 seconds)
Test case 'RunnerTests.testBLEPriorityQueueRetainsFailedWriteUntilRetryBudgetExpires()' passed on 'Clone 1 of iPhone 17 Pro - Runner (88665)' (0.001 seconds)
Test case 'RunnerTests.testFragmentPayloadMatchesBitChatWireFormat()' passed on 'Clone 1 of iPhone 17 Pro - Runner (88665)' (0.001 seconds)
Test case 'RunnerTests.testFragmentRoundTripOutOfOrderPreservesSignatureAndFingerprint()' passed on 'Clone 1 of iPhone 17 Pro - Runner (88665)' (0.015 seconds)
Test case 'RunnerTests.testFragmentSetExpiresAfterThirtySeconds()' passed on 'Clone 1 of iPhone 17 Pro - Runner (88665)' (0.001 seconds)
Test case 'RunnerTests.testGenericAdvertisementMaterialExcludesNamesAndMeshAds()' passed on 'Clone 1 of iPhone 17 Pro - Runner (88665)' (0.003 seconds)
Test case 'RunnerTests.testGenericPresenceBoundsAndExpiresObservations()' passed on 'Clone 1 of iPhone 17 Pro - Runner (88665)' (0.002 seconds)
Test case 'RunnerTests.testGenericPresenceUsesPrivateRotatingLocalIdentifiers()' passed on 'Clone 1 of iPhone 17 Pro - Runner (88665)' (0.001 seconds)
Test case 'RunnerTests.testGenericScanPolicyKeepsMeshFilterOutsideForegroundWindows()' passed on 'Clone 1 of iPhone 17 Pro - Runner (88665)' (0.028 seconds)
Test case 'RunnerTests.testLongRangeTrunkCapabilityUsesBitFourWithoutChangingRole()' passed on 'Clone 1 of iPhone 17 Pro - Runner (88665)' (0.000 seconds)
Test case 'RunnerTests.testLongReachabilityGapRequiresOneTransportRekey()' passed on 'Clone 1 of iPhone 17 Pro - Runner (88665)' (0.001 seconds)
Test case 'RunnerTests.testNoiseCipherRejectsReplayAfterMoreThan1024AuthenticatedNonces()' passed on 'Clone 1 of iPhone 17 Pro - Runner (88665)' (0.208 seconds)
Test case 'RunnerTests.testNoiseCipherRequiresRekeyAtUInt32Boundary()' passed on 'Clone 1 of iPhone 17 Pro - Runner (88665)' (0.002 seconds)
Test case 'RunnerTests.testNoisePaddingIsNotIncludedInReassembledPacket()' passed on 'Clone 1 of iPhone 17 Pro - Runner (88665)' (0.001 seconds)
Test case 'RunnerTests.testNoiseReplayWindowRejectsDuplicatesAndNoncesOlderThan1024()' passed on 'Clone 1 of iPhone 17 Pro - Runner (88665)' (0.128 seconds)
Test case 'RunnerTests.testNoiseSessionRequiresTemporalRekeyAtOneHourWithoutSleeping()' passed on 'Clone 1 of iPhone 17 Pro - Runner (88665)' (0.002 seconds)
Test case 'RunnerTests.testPeerPinAcceptsSameBoundKeys()' passed on 'Clone 1 of iPhone 17 Pro - Runner (88665)' (0.035 seconds)
Test case 'RunnerTests.testPeerPinCreatesFirstTOFUBinding()' passed on 'Clone 1 of iPhone 17 Pro - Runner (88665)' (0.002 seconds)
Test case 'RunnerTests.testPeerPinRejectsNoiseKeyChange()' passed on 'Clone 1 of iPhone 17 Pro - Runner (88665)' (0.002 seconds)
Test case 'RunnerTests.testPeerPinRejectsSigningKeyChange()' passed on 'Clone 1 of iPhone 17 Pro - Runner (88665)' (0.002 seconds)
Test case 'RunnerTests.testPeerPinsMigrateUnversionedSecurePayload()' passed on 'Clone 1 of iPhone 17 Pro - Runner (88665)' (0.001 seconds)
Test case 'RunnerTests.testPeerPinsRestoreFromSecurePersistence()' passed on 'Clone 1 of iPhone 17 Pro - Runner (88665)' (0.002 seconds)
Test case 'RunnerTests.testPeerPinWipeRemovesSecurePersistence()' passed on 'Clone 1 of iPhone 17 Pro - Runner (88665)' (0.003 seconds)
Test case 'RunnerTests.testPeerReachabilityAllowsNinetySecondKeepaliveAndBoundary()' passed on 'Clone 1 of iPhone 17 Pro - Runner (88665)' (0.000 seconds)
Test case 'RunnerTests.testPhoneBeaconDisablesDataPlanePolicy()' passed on 'Clone 1 of iPhone 17 Pro - Runner (88665)' (0.000 seconds)
Test case 'RunnerTests.testPrivateInteropPolicyHidesChatPreservesSOSAndGatesIdentity()' passed on 'Clone 1 of iPhone 17 Pro - Runner (88665)' (0.000 seconds)
Test case 'RunnerTests.testRejectsNestedAndExcessiveFragmentSets()' passed on 'Clone 1 of iPhone 17 Pro - Runner (88665)' (0.015 seconds)
Test case 'RunnerTests.testSemanticFingerprintUsesCanonicalNonPaddedEncoding()' passed on 'Clone 1 of iPhone 17 Pro - Runner (88665)' (0.001 seconds)
Test case 'RunnerTests.testStoreForwardMigratesPlaintextOnceThenFailsClosed()' passed on 'Clone 1 of iPhone 17 Pro - Runner (88665)' (0.010 seconds)
Test suite 'ConformanceFixtureTests' started on 'Clone 1 of iPhone 17 Pro - Runner (88665)'
Test case 'ConformanceFixtureTests.testCanonicalSignatureBytesUseSharedGolden()' passed on 'Clone 1 of iPhone 17 Pro - Runner (88665)' (0.002 seconds)
Test case 'ConformanceFixtureTests.testFragmentsValidateLimitsAndReassembleOutOfOrder()' passed on 'Clone 1 of iPhone 17 Pro - Runner (88665)' (0.002 seconds)
Test case 'ConformanceFixtureTests.testGCSCourierAndExtensionsUseProductionParsers()' passed on 'Clone 1 of iPhone 17 Pro - Runner (88665)' (0.003 seconds)
Test case 'ConformanceFixtureTests.testHBTUsesProductionCodecWithPositiveAndNegativeFixtures()' passed on 'Clone 1 of iPhone 17 Pro - Runner (88665)' (0.001 seconds)
Test case 'ConformanceFixtureTests.testManifestPinsUpstreamCommit()' passed on 'Clone 1 of iPhone 17 Pro - Runner (88665)' (0.000 seconds)
Test case 'ConformanceFixtureTests.testNoiseReplayPolicyRejectsPreviousTransportEpoch()' passed on 'Clone 1 of iPhone 17 Pro - Runner (88665)' (0.003 seconds)
Test case 'ConformanceFixtureTests.testPacketFramesV1V2CompressionAndMalformedInputs()' passed on 'Clone 1 of iPhone 17 Pro - Runner (88665)' (0.002 seconds)
Test case 'ConformanceFixtureTests.testRangingControlProtocolDecodesValidEnvelope()' passed on 'Clone 1 of iPhone 17 Pro - Runner (88665)' (0.000 seconds)
Test case 'ConformanceFixtureTests.testRelayFingerprintMatchesV1AndV2WireVectors()' passed on 'Clone 1 of iPhone 17 Pro - Runner (88665)' (0.001 seconds)
Test case 'ConformanceFixtureTests.testRelayFingerprintPreservesCompressedWireRepresentation()' passed on 'Clone 1 of iPhone 17 Pro - Runner (88665)' (0.002 seconds)
Test case 'ConformanceFixtureTests.testRelayFingerprintRejectsInvalidPadding()' passed on 'Clone 1 of iPhone 17 Pro - Runner (88665)' (0.001 seconds)
Test case 'ConformanceFixtureTests.testStoreForwardNeverPersistsNoiseState()' passed on 'Clone 1 of iPhone 17 Pro - Runner (88665)' (0.001 seconds)
Test suite 'WiFiAwareTransportTests' started on 'Clone 1 of iPhone 17 Pro - Runner (88665)'
Test case 'WiFiAwareTransportTests.testCancelAllTransfersEmitsOneErrorPerActiveTransfer()' passed on 'Clone 1 of iPhone 17 Pro - Runner (88665)' (0.002 seconds)
Test case 'WiFiAwareTransportTests.testComputeSupportRequiresAllGates()' passed on 'Clone 1 of iPhone 17 Pro - Runner (88665)' (0.000 seconds)
Test case 'WiFiAwareTransportTests.testEventContractMatchesDartKeys()' passed on 'Clone 1 of iPhone 17 Pro - Runner (88665)' (0.000 seconds)
Test case 'WiFiAwareTransportTests.testLengthHeaderIsBigEndianEightBytes()' passed on 'Clone 1 of iPhone 17 Pro - Runner (88665)' (0.000 seconds)
Test case 'WiFiAwareTransportTests.testLengthHeaderRejectsWrongSizes()' passed on 'Clone 1 of iPhone 17 Pro - Runner (88665)' (0.005 seconds)
Test case 'WiFiAwareTransportTests.testLengthHeaderRoundTrip()' passed on 'Clone 1 of iPhone 17 Pro - Runner (88665)' (0.002 seconds)
Test case 'WiFiAwareTransportTests.testServiceNameMatchesAndroidService()' passed on 'Clone 1 of iPhone 17 Pro - Runner (88665)' (0.001 seconds)
Test case 'WiFiAwareTransportTests.testSimulatorReportsUnsupported()' passed on 'Clone 1 of iPhone 17 Pro - Runner (88665)' (0.016 seconds)
Test case 'WiFiAwareTransportTests.testStopCancelsOperationWithoutFurtherEvents()' passed on 'Clone 1 of iPhone 17 Pro - Runner (88665)' (0.003 seconds)
Test case 'WiFiAwareTransportTests.testStopUnknownTransferIsNoOp()' passed on 'Clone 1 of iPhone 17 Pro - Runner (88665)' (0.000 seconds)
Test case 'WiFiAwareTransportTests.testTr2026-08-14 21:26:26.445 xcodebuild[87945:2214245] [MT] IDETestOperationsObserverDebug: 56.757 elapsed -- Testing started completed.
2026-08-14 21:26:26.445 xcodebuild[87945:2214245] [MT] IDETestOperationsObserverDebug: 0.000 sec, +0.000 sec -- start
2026-08-14 21:26:26.445 xcodebuild[87945:2214245] [MT] IDETestOperationsObserverDebug: 56.757 sec, +56.757 sec -- end

Test session results, code coverage, and logs:
	/Users/wilmeralzate/Library/Developer/Xcode/DerivedData/Runner-euekkyiyeygqzlfvqhlkopdaztwz/Logs/Test/Test-Runner-2026.08.14_21-25-15--0500.xcresult

** TEST SUCCEEDED **

ansferEventHandlerForwardsOnlyWhileListening()' passed on 'Clone 1 of iPhone 17 Pro - Runner (88665)' (0.000 seconds)
Test case 'WiFiAwareTransportTests.testUnsupportedSendAndReceiveEmitErrorWithoutTasks()' passed on 'Clone 1 of iPhone 17 Pro - Runner (88665)' (0.001 seconds)
